idx,status,r_LE_sup,r_LE_inf,delta_y,t_01,t_05,t_max,x_tmax,t_min,c_max,x_cmax,camber_085,dcamber_te,clmax,alpha_clmax,situacao,confiavel,n_pontos,n_buracos,alpha_max_conv,incl_linear,incl_fim,razao_incl,tentativas,passo_final,Au0,Au1,Au2,Au3,Al0,Al1,Al2,Al3
0,ok,0.0304941,0.010048,4.44524,0.0382526,0.0801651,0.126979,0.266035,0.00637727,0.0121866,0.119797,0.00348769,-0.0426705,1.9009,17.5,queda,1,57,4,30,0.119189,0.01524,0.127864,1,0.5,0.246958,0.180336,0.0636294,0.183643,-0.14176,-0.130308,-0.220377,-0.0237782
1,ok,0.00624782,0.0144851,2.42886,0.0281897,0.0626523,0.127168,0.338041,0.00582104,0.015434,0.572394,0.00424737,-0.0128307,1.6224,14.5,queda,1,46,4,24.5,0.117165,0.0328343,0.28024,1,0.5,0.111784,0.178621,0.299611,0.0709227,-0.170206,-0.196591,-0.0301735,-0.111545
2,ok,0.010816,0.0138219,2.5342,0.0306521,0.0629594,0.100851,0.343625,0.00750742,-0.0122826,0.507854,-0.00463961,0.0278066,1.7818,17,queda,1,57,3,30,0.113866,0.0250686,0.220159,1,0.5,0.147078,0.0715466,0.112852,0.101491,-0.166264,-0.114778,-0.234968,-0.141955
3,ok,0.0207667,0.0037212,3.93651,0.0291995,0.0661796,0.12761,0.288889,0.00919448,0.0118163,0.10856,0.00234907,-0.0158793,1.6745,15,queda,1,27,6,17,0.114948,-0.106029,-0.922403,1,0.5,0.203798,0.2203,0.0845359,0.177888,-0.0862693,-0.237399,-0.0340514,-0.148345
4,ok,0.0330657,0.00850698,4.91994,0.0384648,0.0830074,0.139927,0.266035,0.00858839,0.01908,0.196659,0.00413761,-0.0342375,1.839,16.5,queda,1,46,6,25.5,0.116717,-0.03496,-0.299527,1,0.5,0.25716,0.266382,0.0857834,0.196656,-0.130438,-0.155076,-0.10394,-0.100702
5,ok,0.00411486,0.00941308,2.50172,0.0229623,0.0526463,0.140304,0.441231,0.0123739,0.0127637,0.325101,0.00231979,-0.0241221,1.1221,11.5,falha_conv,0,145,7,11.5,0.090572,0.4176,4.6107,3,0.125,0.0907178,0.294258,0.180964,0.250806,-0.137208,-0.0678285,-0.288823,-0.159974
6,ok,0.00198693,0.0304336,1.76993,0.0310727,0.0699914,0.157808,0.387099,0.0126396,-0.0203475,0.121075,0.00358445,-0.0265761,0.6728,7.25,falha_conv,0,90,4,7.25,0.100884,0.113503,1.12509,3,0.125,0.0630386,0.204886,0.252814,0.239626,-0.246713,-0.243463,-0.191481,-0.183072
7,ok,0.00936806,0.0178331,2.64334,0.0325591,0.0721834,0.1379,0.310474,0.00923997,-0.0136198,0.227132,-0.00433581,0.0444929,1.6976,17.75,queda,1,116,2,22.25,0.115709,-0.19844,-1.715,2,0.25,0.13688,0.139362,0.189148,0.0811944,-0.188855,-0.29407,-0.0654105,-0.234068
8,ok,0.00833828,0.0313021,3.10654,0.037535,0.0803933,0.142618,0.310474,0.00441268,0.0215514,0.49411,0.00924554,-0.0654323,1.9169,18,queda,1,55,4,29,0.117905,0.00598,0.0507189,1,0.5,0.129138,0.295207,0.245502,0.135264,-0.250208,-0.0771034,-0.146839,0.0105151
9,ok,0.00781418,0.0126798,2.84046,0.0281169,0.0604587,0.141091,0.476447,0.0138062,0.0182293,0.394764,0.00318628,-0.0175943,1.6377,18,queda,1,45,4,24,0.0802406,-0.11464,-1.4287,1,0.5,0.125013,0.235953,0.298363,0.242318,-0.159247,-0.0371859,-0.243444,-0.214741
10,ok,0.022097,0.0208344,4.12768,0.0407124,0.0847201,0.126818,0.228779,0.0026584,0.0173159,0.368063,0.00552273,-0.0411222,2.117,18.5,queda,1,59,1,29.5,0.122309,-0.02628,-0.214866,1,0.5,0.210224,0.243754,0.118643,0.0893697,-0.204129,-0.0666662,-0.0967364,0.0125094
11,ok,0.00297028,0.0335716,1.47973,0.0327721,0.0666052,0.122822,0.482332,0.011474,-0.0203014,0.132839,0.00258605,-0.0291928,nan,nan,vazia,0,0,0,nan,nan,nan,nan,1,0.5,0.0770751,0.0678117,0.231501,0.236168,-0.25912,-0.0908199,-0.299012,-0.136377
12,ok,0.00693344,0.0125139,2.69219,0.0273956,0.059296,0.104669,0.288889,0.00374773,0.0116943,0.360504,0.00242472,-0.0198323,1.7437,14.5,queda,1,49,1,24.5,0.118227,0.01328,0.112327,1,0.5,0.117758,0.239123,0.0920188,0.0883343,-0.158202,-0.0633917,-0.128317,-0.0282134
13,ok,0.0123907,0.0239342,2.80835,0.0368094,0.0756091,0.117604,0.306846,0.0082699,0.00770945,0.572394,5.12632e-05,0.0165319,1.9406,20,queda,1,149,6,30,0.115105,0.0162,0.140741,2,0.25,0.157421,0.0922716,0.287035,0.08396,-0.218788,-0.134444,-0.0855724,-0.185134
14,ok,0.0122361,0.0216693,3.0042,0.0362217,0.0787466,0.150515,0.338041,0.00823162,-0.0101217,0.1951,-0.00387815,0.040917,1.8165,19.625,queda,1,318,7,30,0.116421,0.03216,0.276239,3,0.125,0.156436,0.151603,0.264606,0.0608004,-0.208179,-0.255395,-0.150895,-0.202347
15,ok,0.00515549,0.00631188,2.64396,0.0215346,0.0492348,0.127484,0.433439,0.0109443,0.021834,0.36428,0.00167153,-0.00367782,1.4303,14.5,queda,1,34,3,19,0.0929433,-0.10286,-1.1067,1,0.5,0.101543,0.284469,0.236337,0.175827,-0.112356,-0.0505979,-0.181622,-0.187223
16,ok,0.00761572,0.00350108,2.45326,0.021067,0.049767,0.126578,0.373754,0.00469155,0.0223682,0.740877,0.0188191,-0.150593,1.7368,12.5,queda,1,43,2,22,0.116349,0.02946,0.253203,1,0.5,0.123416,0.138632,0.263555,0.253984,-0.0836789,-0.2608,-0.105841,0.116891
17,ok,0.0125251,0.00628372,2.93381,0.0269612,0.059128,0.103306,0.271257,0.01004,-0.00362174,0.811087,-0.00353293,0.0328694,1.7898,18,queda,1,48,2,25.5,0.112863,0.02294,0.203256,1,0.5,0.158273,0.137269,0.0654737,0.129861,-0.112105,-0.20158,-0.0209673,-0.230866
18,ok,0.0242771,0.0235653,3.68449,0.0431393,0.0911953,0.154355,0.315938,0.0142801,-0.0293494,0.427606,-0.00548753,0.0227509,1.8002,20,queda,1,60,1,30,0.110677,-0.00712,-0.0643314,1,0.5,0.22035,0.0818212,0.0825364,0.246427,-0.217096,-0.298622,-0.294551,-0.243172
19,ok,0.0273152,0.0105079,4.05054,0.036865,0.0741439,0.102575,0.218958,0.0057408,0.0124863,0.152044,-0.0026087,0.0130092,1.8573,17,queda,1,53,8,30,0.117616,0.02056,0.174806,1,0.5,0.233732,0.126634,0.0786583,0.0915449,-0.144968,-0.0378812,-0.209537,-0.0924679
20,ok,0.0276088,0.00266984,4.08758,0.0304429,0.0651517,0.130779,0.381369,0.00299973,0.0151531,0.0875665,0.00895766,-0.0847527,nan,nan,vazia,0,0,0,nan,nan,nan,nan,3,0.125,0.234984,0.122317,0.22119,0.157998,-0.0730731,-0.164833,-0.298478,0.0969485
21,ok,0.0255981,0.00744021,4.00776,0.0343131,0.072413,0.129615,0.373754,0.0127478,0.0153984,0.578217,0.0079357,-0.0519154,1.8299,19.5,queda,1,43,2,22,0.101776,-0.28894,-2.83898,1,0.5,0.226266,0.132522,0.288122,0.261086,-0.121985,-0.159084,-0.101351,-0.171178
22,ok,0.0322,0.019252,4.93218,0.044774,0.097903,0.188809,0.326941,0.0048035,0.00728271,0.682235,0.00585034,-0.0475018,1.9003,19.5,queda,1,56,3,29,0.123197,-0.05818,-0.472253,1,0.5,0.253771,0.271619,0.279507,0.123951,-0.196224,-0.254692,-0.254092,-0.00153307
23,ok,0.0138855,0.00728807,3.18447,0.0286828,0.0634261,0.131565,0.369958,0.0107877,0.0103554,0.562667,0.00265452,-0.00607775,1.794,17,queda,1,47,6,27,0.108982,0.00260678,0.0239193,1,0.5,0.166646,0.157356,0.276756,0.162308,-0.120732,-0.2092,-0.0771783,-0.200865
24,ok,0.0111751,0.0227891,2.65095,0.0358946,0.0767654,0.14247,0.360504,0.0117508,-0.0213578,0.330631,-0.00413631,0.0251807,1.7203,19,queda,1,56,4,30,0.110444,-0.1817,-1.64518,1,0.5,0.1495,0.0894015,0.174112,0.173736,-0.21349,-0.258857,-0.241702,-0.219175
25,ok,0.0136472,0.0148734,3.16258,0.0336879,0.0741542,0.136851,0.297828,0.00814626,0.00924576,0.830656,0.00915458,-0.0850238,2.0129,19.5,queda,1,57,1,28.5,0.117165,0.02008,0.171382,1,0.5,0.16521,0.168752,0.097135,0.262183,-0.172472,-0.258369,-0.142413,-0.014216
26,ok,0.0157248,0.0120303,3.79993,0.0332871,0.0745256,0.164124,0.371855,0.00793688,0.0104146,0.323263,0.00639468,-0.054891,1.875,20.5,queda,1,55,3,30,0.111926,-0.03482,-0.311099,1,0.5,0.17734,0.283865,0.237517,0.199822,-0.155115,-0.175377,-0.266744,-0.0440173
27,ok,0.00375817,0.00959882,2.14213,0.022788,0.052859,0.130598,0.389013,0.00841432,-0.00438812,0.069629,-0.000672467,0.0103943,1.1533,13,topo_achatado,1,24,2,13,0.112064,0.01234,0.110116,1,0.5,0.0866968,0.210725,0.210744,0.115917,-0.138556,-0.180675,-0.166758,-0.157563
28,ok,0.0262669,0.00992159,4.57968,0.0367997,0.0801208,0.14526,0.30323,0.0101192,0.0251077,0.389013,0.00473494,-0.0198735,1.7881,18,queda,1,54,6,29.5,0.110636,-0.01624,-0.146787,1,0.5,0.229202,0.280318,0.240341,0.170418,-0.140866,-0.146593,-0.0471591,-0.174167
29,descartado_t_min,0.00960653,0.0149315,2.61349,0.030474,0.0627546,0.103408,0.334331,0.00100231,0.00445165,0.884002,0.00421162,-0.0489813,,,,,,,,,,,,,,,,,,,,
30,ok,0.03096,0.0175615,4.3565,0.0426221,0.0870636,0.132227,0.294243,0.00842939,0.00765663,0.134174,0.00429613,-0.0439984,2.1125,19.5,queda,1,57,4,30,0.115889,-0.0027,-0.0232982,1,0.5,0.248837,0.141277,0.169718,0.207324,-0.187411,-0.100475,-0.260571,-0.0622041
31,ok,0.0113381,0.0315204,3.16653,0.0397575,0.0848924,0.134481,0.23541,0.00622125,0.0179002,0.716436,0.0147532,-0.119945,2.1148,18.5,queda,1,58,3,30,0.118465,0.01702,0.143671,1,0.5,0.150586,0.231806,0.0864557,0.263529,-0.251079,-0.170322,-0.0245758,0.0459461
32,ok,0.00544054,0.00884937,2.5563,0.0238245,0.0537973,0.120959,0.371855,0.00618946,0.0253194,0.550962,0.0143653,-0.105487,1.6175,13.5,queda,1,25,4,14.5,0.112399,-0.05462,-0.485948,1,0.5,0.104312,0.24723,0.260128,0.216494,-0.133037,-0.101213,-0.0992555,0.0231439
33,ok,0.00231275,0.00683759,2.06133,0.0191332,0.047658,0.144976,0.423723,0.0147382,-0.00343027,0.0492724,-0.000666389,0.00211572,0.6855,8,queda,1,83,13,8.25,0.0924445,-0.110327,-1.19344,3,0.125,0.068011,0.270128,0.156851,0.257912,-0.116941,-0.195644,-0.216603,-0.248661
34,ok,0.0201949,0.0328547,3.44286,0.044562,0.0899775,0.126088,0.22385,0.00581412,-0.00727743,0.1606,0.00456879,-0.0403417,2.1695,20.5,queda,1,60,1,30,0.12028,0.01196,0.0994345,1,0.5,0.200972,0.0909687,0.174614,0.146279,-0.256338,-0.122974,-0.176476,-0.0344069
35,ok,0.00697747,0.00311807,2.53807,0.020099,0.0478602,0.124859,0.377558,0.00518695,0.0124819,0.597545,0.00613474,-0.0379346,1.5284,13,queda,1,48,0,23.5,0.116746,0.0313,0.268103,1,0.5,0.118131,0.184026,0.267026,0.105982,-0.0789692,-0.212759,-0.0951469,-0.0500408
36,ok,0.0126175,0.0245463,2.9537,0.0373365,0.0776625,0.131227,0.354858,0.00996782,-0.00696494,0.139573,-0.00526118,0.0422347,1.8164,20,queda,1,60,0,29.5,0.111713,0.01572,0.140717,1,0.5,0.158855,0.13156,0.201975,0.109469,-0.221568,-0.136544,-0.232814,-0.216229
37,ok,0.00530306,0.00432923,2.26776,0.0194369,0.0421282,0.0984742,0.474486,0.0105909,0.0102823,0.253978,0.00496279,-0.0519868,1.3801,12.5,queda,1,32,4,17.5,0.10334,-0.08446,-0.817301,1,0.5,0.102986,0.183696,0.10195,0.268392,-0.0930508,-0.0208251,-0.250504,-0.0881459
38,ok,0.0196822,0.00392228,3.3922,0.0284009,0.0610284,0.123416,0.404381,0.009896,0.00846915,0.0581172,0.00728231,-0.070782,1.5967,15,queda,1,34,0,16.5,0.113642,-0.02934,-0.25818,1,0.5,0.198405,0.0874743,0.177494,0.269489,-0.0885695,-0.194913,-0.240752,-0.0550718
39,descartado_t_min,0.00438786,0.0213251,2.24745,0.0301969,0.068517,0.142558,0.319595,0.00168678,-0.0140483,0.176772,0.00953113,-0.0934297,,,,,,,,,,,,,,,,,,,,
40,descartado_t_min,0.0242159,0.0064483,4.31198,0.0328734,0.0694647,0.124283,0.334331,0.000775727,0.0247568,0.260846,0.0114184,-0.0985273,,,,,,,,,,,,,,,,,,,,
41,ok,0.00428997,0.0261658,2.04355,0.0315784,0.0658588,0.106785,0.312292,0.0106093,-0.0115047,0.069629,-0.000874303,0.0185356,1.2907,12.5,queda,1,33,2,17,0.111129,-0.02998,-0.269778,1,0.5,0.092628,0.160072,0.190687,0.141089,-0.228761,-0.0796533,-0.0877484,-0.222942
42,ok,0.00603822,0.012127,2.05272,0.0263363,0.057052,0.120415,0.390928,0.00381558,0.0176201,0.792302,0.0164957,-0.142017,1.6821,12.5,queda,1,33,0,16,0.118811,-0.0762,-0.641355,1,0.5,0.109893,0.0865284,0.246396,0.240024,-0.155737,-0.190507,-0.218813,0.143801
43,ok,0.0109338,0.0184742,3.29054,0.0341446,0.0771126,0.168846,0.35298,0.00569593,0.0220483,0.718205,0.0180843,-0.14585,2.0056,19.5,queda,1,51,2,26,0.11592,-0.14308,-1.2343,1,0.5,0.147877,0.263911,0.29338,0.266557,-0.19222,-0.237944,-0.192363,0.103652
44,ok,0.0170946,0.0105999,3.30347,0.0327397,0.0703322,0.123833,0.308658,0.00988022,0.00838241,0.792302,0.00782918,-0.0667444,2.0346,19.5,queda,1,58,3,30,0.11402,0.01418,0.124364,1,0.5,0.184903,0.121374,0.151868,0.256839,-0.145601,-0.216549,-0.119995,-0.0806659
45,ok,0.0131989,0.0273962,2.81768,0.0384224,0.0759052,0.100281,0.207698,0.00903303,0.00810588,0.558769,0.0030409,-0.0171865,2.0212,19.125,queda,1,282,5,27.75,0.11389,0.02384,0.209324,3,0.125,0.162474,0.078244,0.213857,0.160804,-0.234078,-0.0316471,-0.125693,-0.139829
46,ok,0.0217573,0.0159294,4.1779,0.0380778,0.0799804,0.143781,0.362391,0.00639428,0.0194004,0.323263,0.00836708,-0.0704125,2.0264,20,queda,1,57,3,30,0.1158,-0.06664,-0.575475,1,0.5,0.208601,0.256281,0.242003,0.19233,-0.17849,-0.0455519,-0.283534,0.0068418
47,ok,0.00421521,0.015407,1.94789,0.0267725,0.0596975,0.116619,0.326941,0.0138168,-0.0134587,0.202939,0.00402705,-0.0372129,1.1748,12,queda,1,29,3,15.5,0.107952,-0.10818,-1.00212,1,0.5,0.0918173,0.1436,0.0879109,0.298116,-0.175539,-0.229171,-0.091486,-0.192934
48,ok,0.0156831,0.012845,3.24114,0.0334269,0.0718927,0.129184,0.321427,0.00979425,-0.0103378,0.402455,0.00741746,-0.0804062,1.9915,20,queda,1,59,2,30,0.115409,0.02176,0.188547,1,0.5,0.177105,0.142029,0.0718298,0.299962,-0.160281,-0.204491,-0.239764,-0.0306359
49,ok,0.0100907,0.0337239,2.6113,0.0391126,0.078748,0.11254,0.276511,0.0119174,0.0176208,0.633829,0.0106323,-0.0746042,1.9374,19,queda,1,47,2,24,0.103974,-0.31886,-3.06674,1,0.5,0.142061,0.103487,0.268695,0.27879,-0.259707,-0.0712028,-0.0883371,-0.126262
50,ok,0.0185556,0.0035665,3.57159,0.0273254,0.0580817,0.129765,0.48037,0.0130509,0.0151046,0.182803,0.00354195,-0.0288564,1.6137,16,queda,1,33,1,16.5,0.0906923,-0.07054,-0.777795,1,0.5,0.192643,0.156276,0.24897,0.255696,-0.0844571,-0.0816313,-0.253799,-0.177298
51,ok,0.0272046,0.020232,4.01917,0.042186,0.0840567,0.113157,0.207698,0.00657129,0.0098362,0.328785,0.000390076,0.00278302,2.1247,19.5,queda,1,60,1,30,0.118574,0.000142857,0.0012048,1,0.5,0.233258,0.112422,0.197005,0.0930889,-0.201157,-0.0408706,-0.149093,-0.11613
52,ok,0.0261577,0.0163622,3.87705,0.0399756,0.0811515,0.114819,0.22385,0.00621726,0.0119701,0.774511,0.0109476,-0.0934325,2.2572,20,queda,1,60,1,30,0.118899,0.00466,0.039193,1,0.5,0.228726,0.0954318,0.147209,0.227395,-0.180899,-0.117246,-0.13429,0.0253476
53,ok,0.0224466,0.00791497,3.83813,0.0333333,0.0708389,0.130552,0.371855,0.0112478,0.00895916,0.109785,-0.000218434,0.000990894,1.7216,18,queda,1,50,3,26.5,0.106076,-0.00692,-0.0652361,1,0.5,0.21188,0.152386,0.194266,0.188256,-0.125817,-0.150793,-0.206215,-0.187696
54,ok,0.00300529,0.0114154,1.44946,0.0229816,0.0519217,0.105258,0.328785,0.0114457,-0.0214008,0.252271,0.00715928,-0.0633568,0.8941,8.75,queda,1,115,5,9.25,0.111595,-0.0276837,-0.248073,3,0.125,0.0775279,0.0659162,0.100902,0.286505,-0.151099,-0.282814,-0.0597362,-0.119034
55,descartado_t_min,0.00485168,0.00284884,1.96439,0.0172988,0.0379242,0.0873221,0.404381,0.00146395,0.0120815,0.607155,0.00765742,-0.0564337,,,,,,,,,,,,,,,,,,,,
56,ok,0.0216141,0.00691649,4.02592,0.0320681,0.0675751,0.113901,0.306846,0.0051795,0.0218497,0.30323,0.0141225,-0.118347,2.0218,17,queda,1,58,2,30,0.117814,0.01572,0.13343,1,0.5,0.207914,0.222963,0.155196,0.241731,-0.117614,-0.0479217,-0.170757,0.0822318
57,ok,0.0230679,0.00185807,4.40785,0.0280575,0.0663215,0.168509,0.373754,0.00644027,0.0187471,0.157726,-0.000724967,0.0133693,nan,nan,vazia,0,0,0,nan,nan,nan,nan,2,0.25,0.214792,0.291508,0.274611,0.0671908,-0.0609602,-0.242553,-0.211708,-0.122985
58,ok,0.00210172,0.0141091,1.35278,0.0233949,0.0529079,0.110926,0.33248,0.0043598,-0.0188399,0.185849,0.00813187,-0.0593952,0.7751,8,queda,1,25,1,13.5,0.105032,0.02458,0.234023,1,0.5,0.0648339,0.0854984,0.214856,0.127379,-0.167983,-0.265957,-0.0461484,-0.00776912
59,ok,0.0195145,0.003194,3.97656,0.027924,0.0636533,0.149182,0.375655,0.00588519,0.0217317,0.71289,0.0182386,-0.150563,1.3948,8.625,falha_conv,0,116,3,8.625,0.114236,0.1032,0.903396,3,0.125,0.197558,0.246081,0.259428,0.284034,-0.0799249,-0.185212,-0.208749,0.112308
60,ok,0.00245102,0.020032,1.96285,0.0268949,0.058798,0.110113,0.325101,0.0102901,-0.00965922,0.0544967,-0.00228343,0.0253422,0.8705,8.5,queda,1,21,2,12,0.110645,-0.0484941,-0.438284,1,0.5,0.0700145,0.236964,0.124236,0.138549,-0.20016,-0.0844275,-0.100299,-0.218531
61,ok,0.00406442,0.0183781,1.87363,0.0275764,0.0564477,0.0804186,0.214106,0.00456237,0.017238,0.740877,0.0150679,-0.126794,1.4519,10.5,queda,1,35,1,17.5,0.117326,-0.03692,-0.314678,1,0.5,0.0901601,0.131088,0.074677,0.248568,-0.191719,-0.0389802,-0.0672641,0.094298
62,ok,0.00727526,0.0137889,2.27875,0.0281787,0.0590295,0.109274,0.404381,0.00826429,-0.00478148,0.109785,0.000653751,-0.00438785,1.6172,14.75,queda,1,97,3,19,0.112111,-0.0674,-0.601191,2,0.25,0.120626,0.106109,0.208908,0.136947,-0.166066,-0.109454,-0.193404,-0.129197
63,ok,0.00995283,0.015635,3.23532,0.0314982,0.0679351,0.138125,0.404381,0.0120458,0.0217446,0.396684,0.00500549,-0.0320686,1.7909,20,queda,1,122,2,21,0.096889,-0.03384,-0.349266,2,0.25,0.141087,0.279817,0.253486,0.233083,-0.176833,-0.0450629,-0.195453,-0.167668
64,descartado_t_min,0.0292064,0.0252226,4.10077,0.045655,0.0937459,0.134015,0.209293,9.98756e-05,0.0134016,0.766254,0.0119303,-0.0986021,,,,,,,,,,,,,,,,,,,,
65,ok,0.0169232,0.00214869,3.1286,0.0250529,0.0562842,0.10686,0.292455,0.010234,-0.00933539,0.377558,0.00497585,-0.0456497,1.1795,10.125,falha_conv,0,124,6,10.125,0.113899,0.103733,0.910752,3,0.125,0.183974,0.0830195,0.062757,0.245031,-0.0655544,-0.288095,-0.0403866,-0.121187
66,ok,0.00705265,0.00429485,2.2975,0.0210697,0.0464032,0.101966,0.41017,0.00895395,-0.00579881,0.842274,-0.00579024,0.0562092,1.4493,14.5,queda,1,42,3,22,0.107515,0.0083,0.0771988,1,0.5,0.118766,0.119801,0.198727,0.062011,-0.0926807,-0.137456,-0.122999,-0.236952
67,ok,0.00463628,0.0125938,1.95319,0.0251132,0.0529066,0.0949018,0.387099,0.0101609,0.0129125,0.527475,0.00076574,0.0142015,1.3614,12.5,queda,1,27,2,14,0.109414,-0.03004,-0.274554,1,0.5,0.0962942,0.115764,0.255866,0.121754,-0.158706,-0.0936625,-0.0296885,-0.225186
68,ok,0.0244455,0.0118303,3.99402,0.0368048,0.0765131,0.122206,0.294243,0.00713372,0.0143248,0.482332,0.00610711,-0.039712,2.0716,19,queda,1,55,6,30,0.1164,0.01828,0.157045,1,0.5,0.221113,0.153617,0.239467,0.150105,-0.15382,-0.11391,-0.109368,-0.0792435
69,ok,0.0288198,0.00870587,4.10705,0.0363387,0.0741275,0.111047,0.283564,0.0077291,0.0124418,0.163494,0.000800631,0.00352839,1.8626,18,queda,1,43,3,22.5,0.11519,-0.129914,-1.12783,1,0.5,0.240082,0.10587,0.228883,0.105107,-0.131954,-0.0971505,-0.117594,-0.14658
70,descartado_t_min,0.0259402,0.00189851,3.78503,0.0282069,0.0571474,0.0856374,0.294243,0.00130755,0.0172735,0.102528,0.00543204,-0.0634916,,,,,,,,,,,,,,,,,,,,
71,ok,0.0186113,0.028411,3.76126,0.0422187,0.0865528,0.122502,0.206107,0.00586583,0.0190031,0.476447,0.00774095,-0.053378,2.161,19,queda,1,59,1,30,0.118725,-0.0175,-0.1474,1,0.5,0.192931,0.21433,0.138452,0.155943,-0.238374,-0.0545533,-0.0349961,-0.0430994
72,descartado_t_min,0.0270533,0.0170306,3.81781,0.0405116,0.0806815,0.107088,0.190453,0.000893194,0.00507095,0.842274,0.00506307,-0.0489457,,,,,,,,,,,,,,,,,,,,
73,descartado_t_min,0.0299959,0.0164408,4.61488,0.0417997,0.0864017,0.128427,0.233746,0.0018489,0.0169237,0.248867,0.0103637,-0.0950403,,,,,,,,,,,,,,,,,,,,
74,ok,0.0147423,0.0237739,2.90226,0.0384539,0.0814567,0.14018,0.321427,0.0111826,-0.0258484,0.35862,-0.000887272,-0.0100642,1.8703,19.5,queda,1,57,2,30,0.11448,0.02106,0.183962,1,0.5,0.171711,0.0690607,0.113931,0.224401,-0.218054,-0.275352,-0.252944,-0.152171
75,ok,0.0161385,0.0178574,3.41859,0.0367049,0.0803413,0.149743,0.308658,0.00576725,0.018098,0.790707,0.0169214,-0.145785,2.1814,20,queda,1,61,0,30,0.11946,0.0146,0.122216,1,0.5,0.179658,0.172914,0.182852,0.287113,-0.188984,-0.26796,-0.159623,0.108008
76,ok,0.0150831,0.0193954,3.69519,0.0371714,0.0834155,0.167906,0.325101,0.011003,0.0117266,0.549009,0.00277172,-0.00675655,1.8248,20,queda,1,60,0,29.5,0.107644,-0.13912,-1.29241,1,0.5,0.173684,0.26889,0.262553,0.168562,-0.196954,-0.266427,-0.0729481,-0.203773
77,ok,0.0104859,0.00494171,2.83583,0.0243277,0.0534288,0.109265,0.371855,0.00880677,0.0118129,0.779416,0.0109801,-0.0956932,nan,nan,vazia,0,0,0,nan,nan,nan,nan,2,0.25,0.144817,0.161683,0.141712,0.281332,-0.0994154,-0.133051,-0.164656,-0.0135361
78,ok,0.00555723,0.0107195,2.63727,0.0255231,0.0592446,0.125445,0.310474,0.00596928,0.0174294,0.605236,0.0114499,-0.086995,1.6463,14,queda,1,44,1,22,0.115603,-0.28012,-2.42311,1,0.5,0.105425,0.272331,0.142686,0.204102,-0.146421,-0.183068,-0.0390713,0.00256418
79,ok,0.00583765,0.00200288,2.04333,0.0175952,0.0429861,0.130107,0.41017,0.00491943,0.0160722,0.771221,0.0142626,-0.115869,1.3227,10,queda,1,25,0,12,0.115511,-0.11552,-1.00008,1,0.5,0.108052,0.0887777,0.292012,0.211553,-0.0632911,-0.296913,-0.160274,0.0737767
80,ok,0.0188255,0.0246733,3.71213,0.040697,0.0831886,0.118584,0.217337,0.00641173,0.0198211,0.445133,0.00196698,0.00290809,2.0531,19.5,queda,1,57,3,30,0.118131,-0.0049,-0.0414795,1,0.5,0.194039,0.191957,0.206478,0.0753566,-0.222141,-0.0527216,-0.0239236,-0.138538
81,ok,0.0182097,0.0131661,3.19276,0.0349009,0.0744723,0.132332,0.321427,0.00617019,-0.0148379,0.330631,0.00410463,-0.0395806,2.0455,20,queda,1,58,3,30,0.119985,0.01292,0.10768,1,0.5,0.190838,0.0636445,0.192795,0.151131,-0.162272,-0.269674,-0.184257,-0.0398975
82,descartado_t_min,0.0171615,0.0225409,3.54501,0.0389192,0.079829,0.113414,0.206107,-0.000314166,0.0153479,0.531395,0.00995671,-0.0784932,,,,,,,,,,,,,,,,,,,,
83,ok,0.0277353,0.0256635,4.67862,0.045944,0.100061,0.183623,0.306846,0.0080245,0.00913118,0.820222,0.00896399,-0.0830259,1.8811,19.5,queda,1,59,2,30,0.118559,-0.02754,-0.232289,1,0.5,0.235522,0.285287,0.171455,0.251468,-0.226555,-0.245412,-0.248703,-0.00325148
84,ok,0.016071,0.00908354,3.82254,0.0314855,0.0707327,0.152204,0.354858,0.00669644,0.0113241,0.227132,0.00315776,-0.0325085,1.8192,19,queda,1,57,3,30,0.115697,-0.00522,-0.045118,1,0.5,0.179282,0.286571,0.166083,0.159023,-0.134785,-0.161335,-0.260946,-0.0463829
85,ok,0.0207215,0.00279975,3.9498,0.0276172,0.0597946,0.115853,0.34736,0.003878,0.0209568,0.204521,0.00708745,-0.0624348,1.7493,15,queda,1,58,2,30,0.118801,0.02226,0.187372,1,0.5,0.203576,0.220318,0.156321,0.145529,-0.0748298,-0.0761011,-0.21506,0.0382904
86,ok,0.0175963,0.00328564,3.17745,0.0264277,0.0555591,0.104744,0.394764,0.00569781,0.00910206,0.0726573,0.00263731,-0.0287726,1.7087,15.25,topo_achatado,1,92,0,15.25,0.117275,0.0248,0.211469,2,0.25,0.187597,0.0741257,0.17609,0.133324,-0.0810634,-0.134886,-0.229151,-0.0380341
87,ok,0.0306433,0.00897406,4.54295,0.0375848,0.0790054,0.124796,0.262572,0.010908,0.0198662,0.462728,0.0117331,-0.0884023,1.9527,18,queda,1,57,2,30,0.111576,0.00964,0.0863986,1,0.5,0.247562,0.197744,0.168412,0.293742,-0.133971,-0.121233,-0.0528087,-0.0864104
88,ok,0.0333584,0.00516459,4.76275,0.0359066,0.079151,0.152277,0.319595,0.00695696,0.0152498,0.0966487,0.00776004,-0.0694355,1.7893,16.5,queda,1,55,5,30,0.119942,0.03896,0.324824,1,0.5,0.258296,0.21346,0.164008,0.209915,-0.101633,-0.240575,-0.189642,-0.0119288
89,ok,0.0229528,0.0202843,3.88137,0.041161,0.0881078,0.143994,0.255689,0.00913876,-0.0078388,0.356738,-0.000923676,0.00568562,1.9773,19.25,queda,1,324,5,30,0.11799,-0.01168,-0.0989913,3,0.125,0.214256,0.16084,0.0929596,0.152279,-0.201417,-0.260467,-0.0908654,-0.165902
90,ok,0.00895708,0.00824488,2.82672,0.0265523,0.0617976,0.153312,0.373754,0.00400037,0.0178842,0.789107,0.0167169,-0.144456,nan,nan,vazia,0,0,0,nan,nan,nan,nan,1,0.5,0.133844,0.198407,0.247871,0.247509,-0.128412,-0.263932,-0.237825,0.146936
91,ok,0.0113518,0.0191775,3.04676,0.0341819,0.0723873,0.124865,0.317765,0.00751709,-0.0029477,0.041906,0.000186552,-0.00621092,1.9012,19,queda,1,60,1,30,0.115175,0.02088,0.18129,1,0.5,0.150677,0.195498,0.136895,0.139641,-0.195844,-0.108521,-0.21119,-0.103793
92,ok,0.0200019,0.0283375,4.18873,0.0432316,0.0915927,0.151442,0.278269,0.0044135,0.0279011,0.59947,0.0201681,-0.161154,2.2089,20,queda,1,57,3,30,0.118873,-0.07868,-0.661885,1,0.5,0.20001,0.296572,0.219851,0.270516,-0.238065,-0.0950424,-0.138219,0.14259
93,ok,0.00565564,0.00800335,2.22439,0.0234078,0.0531572,0.122705,0.369958,0.00316547,0.00925764,0.849364,0.00925759,-0.0913131,1.5665,12.5,queda,1,39,0,19,0.120355,-0.18752,-1.55806,1,0.5,0.106354,0.155412,0.139176,0.181553,-0.126518,-0.197274,-0.257423,0.10308
94,ok,0.011538,0.0280119,3.23546,0.0387565,0.0855287,0.181038,0.387099,0.0155917,-0.00959896,0.132839,0.0023843,-0.0226218,1.7132,20.5,queda,1,54,6,30,0.0835429,0.00238286,0.0285226,1,0.5,0.151908,0.234574,0.251135,0.295827,-0.236694,-0.250622,-0.268658,-0.228436
95,ok,0.00812334,0.00967938,2.66243,0.0267409,0.0600249,0.121606,0.334331,0.0110132,-0.00339123,0.853553,-0.00338988,0.0340356,1.6192,16.5,queda,1,45,4,25,0.109793,-0.01222,-0.1113,1,0.5,0.127462,0.186899,0.143805,0.136874,-0.139136,-0.199518,-0.0857864,-0.246176
96,ok,0.0180353,0.00719593,3.88051,0.0306047,0.0653232,0.127823,0.371855,0.0022647,0.0230619,0.288889,0.00716577,-0.0595726,nan,nan,vazia,0,0,0,nan,nan,nan,nan,1,0.5,0.189923,0.253824,0.230544,0.102245,-0.119966,-0.0286621,-0.27114,0.0665744
97,ok,0.0284376,0.0320498,4.73066,0.048517,0.102514,0.159312,0.23541,0.00711934,0.0117929,0.373754,0.00493372,-0.0402926,2.0357,18,queda,1,59,2,30,0.120355,-0.01618,-0.134436,1,0.5,0.238485,0.292535,0.0890029,0.176971,-0.253179,-0.147991,-0.104819,-0.0658357
98,ok,0.0118757,0.00258283,2.92821,0.0223021,0.0475225,0.103013,0.454901,0.00886532,0.012187,0.154874,-0.00814929,0.0601516,1.2481,13.5,falha_conv,0,147,8,13.5,0.104149,0.05735,0.550651,3,0.125,0.154115,0.149054,0.130518,0.0802787,-0.0718725,-0.0509258,-0.269416,-0.208273
99,ok,0.00912537,0.030907,2.58746,0.0380656,0.0822904,0.150066,0.312292,0.00410005,-0.0184642,0.170819,0.0114307,-0.087315,1.9236,17,queda,1,59,1,30,0.121457,0.02836,0.233498,1,0.5,0.135095,0.125323,0.284103,0.154056,-0.248624,-0.284864,-0.115995,0.0416584
100,ok,0.00984007,0.00417622,3.21357,0.0235843,0.0558017,0.139394,0.36428,0.00482161,0.00995109,0.176772,-0.00203066,0.00482842,1.5907,15.5,queda,1,50,3,26,0.11822,0.02246,0.189985,1,0.5,0.140286,0.286979,0.104233,0.0867647,-0.0913916,-0.16588,-0.278944,-0.0536732
101,ok,0.00360627,0.0166408,2.27413,0.0269645,0.0619113,0.145282,0.36428,0.00330058,-0.00806563,0.069629,0.00563779,-0.0504783,1.2663,11,queda,1,40,1,20,0.120676,0.03302,0.273626,1,0.5,0.0849267,0.254785,0.204182,0.113122,-0.182433,-0.181141,-0.244824,0.0348163
102,ok,0.0246652,0.00812858,4.31657,0.0349728,0.0775264,0.136562,0.255689,0.00312716,0.0192716,0.739154,0.0167103,-0.139172,2.1406,16.5,queda,1,57,4,30,0.121459,0.01112,0.0915532,1,0.5,0.222105,0.248649,0.0709492,0.236481,-0.127504,-0.227755,-0.0282848,0.131976
103,ok,0.0144549,0.0180411,2.97538,0.0354139,0.0741612,0.118599,0.276511,0.0067527,-0.0133497,0.373754,0.00424728,-0.0511785,2.0112,19.5,queda,1,59,2,30,0.118507,0.0154,0.12995,1,0.5,0.170029,0.0987717,0.0738489,0.201386,-0.189953,-0.184946,-0.212676,-0.0197073
104,ok,0.0177514,0.00488857,3.55876,0.0282369,0.0590187,0.100623,0.356738,0.00958872,0.0190271,0.288889,0.00882002,-0.0705665,1.8767,17.5,queda,1,55,2,28.5,0.108464,0.02272,0.20947,1,0.5,0.188422,0.176007,0.162267,0.254099,-0.0988794,-0.0403895,-0.142669,-0.0699322
105,ok,0.00401529,0.0108817,2.13303,0.0241542,0.0573109,0.147922,0.375655,0.00508904,0.0207837,0.781042,0.0191474,-0.163181,1.4859,10.5,queda,1,30,1,15,0.117577,-0.06096,-0.518469,1,0.5,0.0896135,0.193993,0.238372,0.291507,-0.147524,-0.273913,-0.198975,0.146328
106,ok,0.0336295,0.00577326,4.75995,0.0361739,0.0763531,0.121782,0.260846,0.00877052,0.0227121,0.23541,-6.92648e-05,0.0146365,1.8047,17,queda,1,58,3,30,0.114592,0.00918,0.0801101,1,0.5,0.259343,0.208078,0.169605,0.111842,-0.107455,-0.112518,-0.0427301,-0.190406
107,ok,0.00793752,0.0220006,2.40028,0.0332708,0.0717471,0.138409,0.35862,0.00751657,-0.0151083,0.209293,0.0141884,-0.126051,1.7979,15.5,queda,1,53,1,26.5,0.115987,0.02694,0.232268,1,0.5,0.125996,0.116518,0.212246,0.293335,-0.209765,-0.228716,-0.22475,0.058354
108,ok,0.0264449,0.0108733,4.2101,0.0375742,0.0823188,0.161379,0.338041,0.00612242,-0.00675619,0.421783,0.00653557,-0.067129,1.8377,18,queda,1,55,6,30,0.12148,0.00901143,0.0741802,1,0.5,0.229978,0.179538,0.179403,0.197695,-0.147468,-0.268287,-0.278058,0.0162804
109,ok,0.014161,0.00504641,3.0339,0.0268283,0.0594454,0.126025,0.360504,0.00362177,0.0139347,0.726995,0.011083,-0.0849273,1.9128,16.5,queda,1,49,2,25,0.119763,0.0193429,0.16151,1,0.5,0.168291,0.109098,0.277969,0.143997,-0.100463,-0.234418,-0.129442,0.0497018
110,ok,0.00434581,0.0243554,2.54342,0.0316642,0.07241,0.149437,0.308658,0.00383853,0.0199528,0.614813,0.0116764,-0.0823077,1.5362,12,queda,1,36,1,18.5,0.120376,-0.05306,-0.440786,1,0.5,0.0932288,0.29226,0.228734,0.142928,-0.220705,-0.223008,-0.0441995,0.0285761
111,ok,0.0045633,0.00608728,2.32602,0.021033,0.0501075,0.113011,0.315938,0.0051671,0.0050892,0.472525,0.000446268,0.00205654,1.3168,12,topo_achatado,1,73,2,12.25,0.116814,0.0166,0.142106,2,0.25,0.0955333,0.230925,0.105858,0.0760045,-0.110338,-0.199363,-0.0487443,-0.0986
112,ok,0.0127272,0.0307492,3.18843,0.0399711,0.0828339,0.13067,0.288889,0.00653173,0.0198207,0.678573,0.0154496,-0.123951,2.1207,20,queda,1,61,0,30,0.116516,0.00746,0.0640253,1,0.5,0.159544,0.191244,0.227293,0.260229,-0.247989,-0.0878709,-0.155152,0.0562321
113,ok,0.00181261,0.00468782,1.4187,0.0160717,0.0386391,0.0982366,0.362391,0.00505773,0.0190161,0.797061,0.017994,-0.157071,0.5405,2,falha_conv,0,31,0,2,0.116241,0.108,0.929107,3,0.125,0.0602097,0.129142,0.114879,0.298367,-0.0968278,-0.207482,-0.118658,0.134898
114,ok,0.0190533,0.00444633,3.66651,0.0287875,0.0629306,0.134278,0.402455,0.0102301,-0.0111542,0.674899,-0.00740822,0.0524238,1.5678,17.5,queda,1,44,1,22.5,0.106558,-0.13642,-1.28024,1,0.5,0.195209,0.177907,0.153065,0.114171,-0.0943009,-0.153405,-0.287117,-0.220503
115,ok,0.0324407,0.00980077,4.41082,0.0389321,0.0820764,0.126073,0.232087,0.00974881,0.00981858,0.0757449,0.00564579,-0.0432346,1.9022,17.5,queda,1,51,3,27,0.116625,0.0136,0.116613,1,0.5,0.254718,0.136024,0.0993769,0.2225,-0.140005,-0.211494,-0.0217312,-0.124232
116,ok,0.00882225,0.00198438,2.60708,0.0200354,0.0482053,0.128793,0.381369,0.00618586,-0.00571992,0.406309,-0.00240059,0.0219276,1.232,12.5,queda,1,27,0,13,0.116979,-0.01418,-0.121218,1,0.5,0.132833,0.145418,0.204526,0.0612314,-0.0629981,-0.271412,-0.156884,-0.131598
117,ok,0.0232136,0.00362601,4.23829,0.0302842,0.0690915,0.151887,0.351104,0.00975061,0.022228,0.560718,0.011547,-0.077778,1.3794,11.5,falha_conv,0,118,13,11.5,0.108707,0.0731172,0.672611,3,0.125,0.21547,0.240429,0.297814,0.235064,-0.0851588,-0.238965,-0.0615541,-0.0890735
118,ok,0.0327196,0.00649416,4.78651,0.0365633,0.0780412,0.134147,0.297828,0.00758356,0.0208226,0.204521,0.00510106,-0.0384389,1.8636,17,queda,1,53,4,28,0.116,-0.00292,-0.0251724,1,0.5,0.255811,0.229904,0.172482,0.171526,-0.113966,-0.125111,-0.143743,-0.0771856
119,ok,0.00390627,0.0182052,2.14985,0.028057,0.0636628,0.147172,0.369958,0.003531,-0.0110562,0.114743,0.00715185,-0.0597474,1.334,11,queda,1,26,0,12.5,0.121204,-0.30982,-2.55618,1,0.5,0.0883886,0.202966,0.254099,0.120289,-0.190815,-0.217061,-0.228803,0.0366197
120,ok,0.0214316,0.0332824,3.82052,0.0460304,0.098607,0.171213,0.299626,0.0109765,-0.0115811,0.196659,0.0048486,-0.0327993,1.971,21.5,queda,1,58,2,30,0.112847,-0.02576,-0.228273,1,0.5,0.207034,0.163516,0.261569,0.210671,-0.258002,-0.299576,-0.124274,-0.156185
121,ok,0.00922651,0.0136128,2.41713,0.0294505,0.0608531,0.114009,0.427606,0.00649755,0.0128008,0.787503,0.0119384,-0.103133,1.8688,16,queda,1,58,3,30,0.115054,0.0263,0.228588,1,0.5,0.135842,0.0775712,0.249423,0.23736,-0.165002,-0.106938,-0.246086,0.0449161
122,ok,0.0203938,0.00376832,3.65759,0.0285211,0.0606516,0.106225,0.33248,0.010291,0.0131475,0.127553,-0.000255517,-0.000869613,1.671,16.5,queda,1,41,7,25.5,0.107358,0.0037,0.0344642,1,0.5,0.201959,0.149817,0.110333,0.183852,-0.0868139,-0.116048,-0.155923,-0.16952
123,ok,0.0192641,0.0253187,3.74482,0.0414546,0.0870443,0.148433,0.321427,0.00507264,0.0169368,0.742596,0.0147198,-0.12277,2.1772,20,queda,1,60,1,30,0.119827,-0.00896,-0.0747742,1,0.5,0.196286,0.188043,0.257158,0.233518,-0.225028,-0.144955,-0.226186,0.0928574
124,ok,0.0052886,0.00585892,2.03604,0.0212217,0.0482261,0.117106,0.41017,0.00928769,-0.00663171,0.28711,-0.00379937,0.0357391,1.2378,13.5,queda,1,36,0,17.5,0.111467,-0.16996,-1.52476,1,0.5,0.102845,0.113909,0.211647,0.0973734,-0.108249,-0.206758,-0.151866,-0.20979
125,ok,0.0317378,0.00399445,4.95962,0.0341056,0.0756614,0.150052,0.323263,0.00345345,0.0254013,0.233746,0.00904264,-0.0688141,1.8452,16,queda,1,57,2,30,0.121625,0.00328,0.0269681,1,0.5,0.251944,0.290445,0.222672,0.128911,-0.0893806,-0.158522,-0.162692,0.0390632
126,ok,0.0128301,0.00732906,3.24842,0.0283246,0.0644943,0.134221,0.315938,0.00228692,0.00978411,0.852162,0.0097824,-0.0974802,2.0874,17,queda,1,55,3,29,0.121795,-0.22514,-1.84852,1,0.5,0.160188,0.21503,0.0726332,0.182074,-0.121071,-0.23107,-0.217513,0.12628
127,ok,0.0090124,0.0199672,2.48068,0.0326897,0.0671697,0.105513,0.317765,0.00786553,0.00744823,0.824724,0.00734301,-0.0682549,1.8692,16.5,queda,1,56,2,28.5,0.114864,0.0308,0.268144,1,0.5,0.134256,0.10863,0.14074,0.230363,-0.199836,-0.093009,-0.200632,-0.0268316
128,ok,0.00747807,0.00666027,2.84098,0.0237048,0.0520281,0.0915645,0.269513,0.00483313,0.0235703,0.412102,0.0130381,-0.104235,1.8906,14,queda,1,57,2,30,0.115286,0.0254337,0.220615,1,0.5,0.122295,0.262434,0.065759,0.21988,-0.115415,-0.0355351,-0.0407858,0.0526979
129,ok,0.015319,0.0038757,3.30816,0.0261061,0.0566019,0.113181,0.377558,0.00797902,0.0107001,0.138215,-0.000930154,0.00381565,1.6872,16,queda,1,53,2,27,0.111409,0.02336,0.209678,1,0.5,0.175037,0.164519,0.146545,0.132741,-0.0880421,-0.118724,-0.207312,-0.127231
130,ok,0.0140357,0.0206996,3.68806,0.037158,0.0828726,0.155812,0.28711,0.00510523,0.0202602,0.637609,0.0141628,-0.108762,2.0309,19.5,queda,1,59,2,30,0.118143,-0.04304,-0.364305,1,0.5,0.167545,0.297754,0.182168,0.212396,-0.203468,-0.221531,-0.0577016,0.0483087
131,ok,0.00998077,0.00568978,2.94923,0.0248613,0.0560287,0.137662,0.425664,0.0112042,0.00550402,0.147838,8.20835e-05,-0.0102971,1.6537,17.5,queda,1,143,4,28.25,0.105262,0.02244,0.213182,2,0.25,0.141285,0.206038,0.167423,0.215203,-0.106675,-0.14743,-0.290843,-0.153595
132,ok,0.0033306,0.0115884,1.99887,0.0235203,0.0536091,0.134218,0.406309,0.00652631,0.0132568,0.8277,0.0131103,-0.12282,1.2018,8.875,falha_conv,0,124,1,8.875,0.116508,0.0824,0.70725,3,0.125,0.0816162,0.19469,0.176322,0.282301,-0.152239,-0.163403,-0.295704,0.0871056
133,ok,0.0174786,0.00593531,3.26633,0.02939,0.0636459,0.109895,0.274756,0.00513737,0.00542994,0.0475865,0.00207771,-0.015418,1.8581,17,queda,1,46,0,22.5,0.119241,-0.02038,-0.170915,1,0.5,0.186968,0.104771,0.120268,0.0999343,-0.108952,-0.224561,-0.0615666,-0.0713202
134,ok,0.00277561,0.0292937,2.18945,0.0314583,0.068455,0.130328,0.336185,0.00805676,0.0131721,0.498037,0.00542516,-0.0396593,0.7013,5.125,falha_conv,0,67,3,5.125,0.115388,0.1096,0.949836,3,0.125,0.0745066,0.276355,0.185062,0.179849,-0.242048,-0.0809586,-0.157942,-0.0837835
135,ok,0.0137214,0.0174588,3.51615,0.0354682,0.0805282,0.170765,0.338041,0.0104137,0.0151726,0.631937,0.0083136,-0.0533704,1.8864,21,queda,1,59,2,30,0.107682,-8e-05,-0.000742925,1,0.5,0.165659,0.251343,0.293598,0.216892,-0.186862,-0.296361,-0.0793979,-0.130192
136,ok,0.0253645,0.00252186,4.4482,0.0299883,0.0695746,0.162033,0.35862,0.00921726,0.0161439,0.109785,0.00546303,-0.0513742,nan,nan,vazia,0,0,0,nan,nan,nan,nan,1,0.5,0.225231,0.265146,0.172713,0.228149,-0.0710191,-0.256683,-0.226886,-0.072457
137,ok,0.0210089,0.024912,4.12188,0.0422755,0.0896058,0.145249,0.266035,0.0100553,0.00707147,0.281795,0.00517631,-0.0532909,1.9875,18.5,queda,1,59,2,30,0.114252,-0.02516,-0.220216,1,0.5,0.204982,0.267645,0.0601077,0.263116,-0.223213,-0.122544,-0.197318,-0.0820324
138,ok,0.0134665,0.0186189,3.0998,0.0353934,0.076417,0.149959,0.369958,0.00942487,-0.0117097,0.379462,0.000775118,-0.0179668,1.846,20.5,queda,1,58,3,30,0.113652,0.01818,0.159962,1,0.5,0.164112,0.150535,0.18583,0.1912,-0.192971,-0.219846,-0.291832,-0.110193
139,ok,0.00875954,0.0278887,2.33409,0.0360165,0.0738672,0.125696,0.377558,0.00387858,0.013938,0.782663,0.0128314,-0.108791,1.9412,16,queda,1,45,2,23,0.120282,-0.00206,-0.0171264,1,0.5,0.13236,0.0667857,0.290891,0.190156,-0.236172,-0.139194,-0.251799,0.0986539
140,ok,0.0102947,0.00917803,2.86194,0.0279087,0.0622243,0.133627,0.379462,0.0120286,0.00759535,0.65264,0.0045419,-0.0301601,1.7756,18,queda,1,50,4,27.5,0.105627,0.01206,0.114175,1,0.5,0.14349,0.168688,0.231973,0.230679,-0.135485,-0.209248,-0.122077,-0.178157
141,ok,0.00821547,0.018865,2.32823,0.0318227,0.0673549,0.107942,0.259123,0.00703481,-0.0144637,0.30323,-0.00397938,0.0275417,1.6616,16,queda,1,45,5,25.5,0.117143,0.0193,0.164756,1,0.5,0.128183,0.0971693,0.0670909,0.0908059,-0.194242,-0.193276,-0.113588,-0.150558
142,ok,0.00268094,0.00843864,2.26885,0.0206838,0.0490622,0.132298,0.40053,0.00803221,0.0209857,0.439282,0.00510083,-0.0288566,1.1065,10,topo_achatado,1,56,5,10.5,0.108044,0.0122,0.112916,2,0.25,0.0732248,0.298844,0.258468,0.149452,-0.129913,-0.0992086,-0.145546,-0.107455
143,ok,0.00592545,0.00182345,2.09662,0.0167841,0.0365763,0.107591,0.525514,0.0118091,0.00622007,0.135516,0.00486049,-0.0487759,1.1868,11.375,queda,1,159,4,12.375,0.100491,-0.0448,-0.44581,3,0.125,0.108862,0.107212,0.178286,0.275277,-0.0603896,-0.068952,-0.267353,-0.117503
144,ok,0.00314481,0.00533597,2.14478,0.0189505,0.0475678,0.13649,0.383277,0.0102719,0.0219854,0.650769,0.0146315,-0.106979,1.1359,9.25,falha_conv,0,128,2,9.25,0.105805,0.0775273,0.732738,3,0.125,0.0793071,0.23894,0.261286,0.290609,-0.103305,-0.241898,-0.0506353,-0.057163
145,ok,0.00861694,0.00415118,3.14193,0.0223172,0.0502056,0.105924,0.36428,0.0119375,0.0326201,0.368063,0.0028231,-0.00281054,1.6558,16.5,queda,1,35,7,21,0.0978869,-0.06668,-0.681194,1,0.5,0.131278,0.299451,0.1898,0.186547,-0.0911173,-0.0260902,-0.0272123,-0.231904
146,ok,0.00943931,0.0221863,2.63044,0.0341381,0.0707128,0.109327,0.269513,0.00513342,-0.00651708,0.0788914,0.00454694,-0.0367824,1.8958,16.5,queda,1,58,3,30,0.118568,0.02682,0.226199,1,0.5,0.137399,0.135811,0.154386,0.128003,-0.210648,-0.10342,-0.136157,-0.0332011
147,ok,0.00282058,0.0263866,2.19597,0.0308848,0.0717633,0.160235,0.334331,0.00774893,0.0252528,0.678573,0.0179612,-0.133928,1.1671,8.5,topo_achatado,1,124,0,8.75,0.112966,-0.0277818,-0.245931,3,0.125,0.0751076,0.269287,0.281803,0.276995,-0.229724,-0.277997,-0.0483652,0.0240541
148,ok,0.00660817,0.00779308,2.78937,0.024683,0.060305,0.154569,0.360504,0.0127668,0.00436673,0.837956,0.00435012,-0.0415065,1.4293,15.5,queda,1,43,1,21.5,0.106644,-0.04634,-0.43453,1,0.5,0.114962,0.275471,0.11951,0.284104,-0.124845,-0.287596,-0.161567,-0.15821
149,ok,0.00193738,0.0301362,1.56895,0.0308661,0.0694659,0.153885,0.373754,0.0104742,-0.0273165,0.222215,-0.000723402,-0.00720705,0.1857,3.125,falha_conv,0,42,2,3.125,0.112932,0.0928,0.821733,3,0.125,0.0622476,0.159042,0.160383,0.199341,-0.245505,-0.284417,-0.271631,-0.144759
150,ok,0.0103447,0.0265325,2.83382,0.0369757,0.0785471,0.124889,0.243791,0.00452143,0.0115476,0.707545,0.00884648,-0.0677379,2.0195,17.5,queda,1,59,2,30,0.120108,0.0115,0.095747,1,0.5,0.143838,0.165786,0.135824,0.153628,-0.230358,-0.186534,-0.0358376,0.00417921
151,ok,0.0205383,0.00235539,3.54998,0.0270509,0.0596292,0.122233,0.356738,0.00626747,0.0108302,0.0666604,0.00149272,-0.00790787,0.9102,7.5,falha_conv,0,102,3,7.5,0.117319,0.1152,0.981939,3,0.125,0.202674,0.110289,0.221475,0.0985115,-0.0686351,-0.225901,-0.137425,-0.0977913
152,ok,0.0110691,0.0103615,2.78957,0.0290471,0.0629173,0.122162,0.35862,0.00808526,0.016075,0.721731,0.0128926,-0.100926,1.9703,17.5,queda,1,55,0,27,0.113271,0.0256,0.226006,1,0.5,0.148789,0.125784,0.244603,0.252471,-0.143955,-0.188794,-0.116906,-0.0106057
153,ok,0.00350672,0.0299341,1.93053,0.0328719,0.0733079,0.14792,0.334331,0.00978814,-0.0241252,0.222215,0.00546106,-0.0613344,1.1033,10.5,queda,1,66,0,10.75,0.115653,-0.0646,-0.558566,2,0.25,0.0837463,0.171697,0.103608,0.267385,-0.24468,-0.279587,-0.230635,-0.0605654
154,ok,0.00228696,0.0222275,1.8442,0.0278816,0.0624568,0.145252,0.414035,0.012632,-0.013826,0.0966487,0.00566292,-0.052059,0.8535,9,queda,1,19,2,10.5,0.100133,-0.0225,-0.2247,1,0.5,0.0676307,0.20917,0.202642,0.288208,-0.210843,-0.174996,-0.246713,-0.133924
155,ok,0.00574341,0.00833936,2.60585,0.0242882,0.0590513,0.144957,0.334331,0.00526106,-0.00868634,0.48037,-0.00179379,0.0051815,nan,nan,vazia,0,0,0,nan,nan,nan,nan,1,0.5,0.107177,0.260571,0.0795493,0.0920395,-0.129146,-0.281977,-0.187104,-0.0752195
156,ok,0.01426,0.0331374,3.48727,0.0420955,0.0893821,0.150093,0.288889,0.00740456,0.0149656,0.570451,0.00721413,-0.0477446,2.0134,20.5,queda,1,58,2,30,0.116065,-0.01544,-0.133029,1,0.5,0.168879,0.233002,0.246711,0.163941,-0.257439,-0.156311,-0.107291,-0.0745436
157,ok,0.0213237,0.0157226,3.70736,0.0378032,0.0796182,0.138434,0.349231,0.012298,-0.0107511,0.529435,-0.0025453,0.00789457,1.8595,20,queda,1,61,0,30,0.106122,0.01254,0.118166,1,0.5,0.206512,0.143191,0.128313,0.217604,-0.177328,-0.172793,-0.276266,-0.196609
158,ok,0.0238264,0.0173565,3.93182,0.039963,0.0850749,0.150745,0.323263,0.00619597,-0.0103857,0.441231,0.00295594,-0.040265,1.9851,20,queda,1,60,1,30,0.12109,0.00076,0.00627632,1,0.5,0.218295,0.154106,0.149452,0.169559,-0.186314,-0.218072,-0.297504,-0.0157669
159,ok,0.0220278,0.0133721,4.16401,0.0374844,0.0843211,0.165922,0.30323,0.00520014,0.0073662,0.846544,0.00736364,-0.0719037,1.9905,18,queda,1,57,4,30,0.121938,-0.02522,-0.206826,1,0.5,0.209894,0.25559,0.108883,0.191819,-0.163537,-0.295432,-0.194233,0.0302427
160,ok,0.00547755,0.029847,2.11148,0.0342641,0.0714271,0.122579,0.343625,0.00420583,-0.0146958,0.122359,0.0111378,-0.10649,1.6392,13,queda,1,33,2,17,0.120975,-0.0537,-0.443892,1,0.5,0.104667,0.129805,0.164907,0.218712,-0.244323,-0.120002,-0.284082,0.106521
161,ok,0.0106684,0.0295989,2.65494,0.0385564,0.0828694,0.157901,0.375655,0.015154,-0.020554,0.217337,0.0034397,-0.0252982,1.7626,19,queda,1,54,6,29.5,0.0928253,0.01884,0.202962,1,0.5,0.146071,0.0981959,0.275842,0.280116,-0.243306,-0.29337,-0.172677,-0.234961
162,ok,0.00840268,0.00616058,3.01231,0.0244999,0.0581547,0.158456,0.394764,0.00573238,0.0192411,0.747729,0.0169738,-0.14319,1.8142,16,queda,1,53,2,27,0.113599,0.02102,0.185037,1,0.5,0.129636,0.26545,0.270938,0.273539,-0.111001,-0.204847,-0.257244,0.113166
163,ok,0.0023703,0.0122289,1.99902,0.0224437,0.049296,0.0971147,0.349231,0.00794053,0.0170906,0.398606,-0.000464387,0.0141762,nan,nan,vazia,0,0,0,nan,nan,nan,nan,3,0.125,0.0688521,0.250404,0.146095,0.104912,-0.15639,-0.0244287,-0.0934374,-0.164358
164,descartado_t_min,0.00506268,0.0197212,2.20371,0.0296188,0.0635946,0.116513,0.321427,0.0012183,0.00974113,0.730487,0.00824404,-0.0678751,,,,,,,,,,,,,,,,,,,,
165,ok,0.00678964,0.0319463,2.89347,0.0368259,0.0810328,0.154381,0.317765,0.00881468,0.0179234,0.554867,0.00772838,-0.0491869,1.7381,17,queda,1,49,2,25,0.11028,-0.05878,-0.533006,1,0.5,0.11653,0.289136,0.251356,0.188684,-0.25277,-0.171613,-0.0891436,-0.102796
166,ok,0.0303126,0.0272218,4.87556,0.0477102,0.104154,0.193844,0.312292,0.00841003,0.00706396,0.490183,0.00132566,-0.00261614,1.8284,20.5,queda,1,58,1,30,0.117314,-0.03772,-0.321529,1,0.5,0.246222,0.287997,0.27527,0.122875,-0.233332,-0.272376,-0.18218,-0.142471
167,descartado_t_min,0.00651703,0.0306245,2.49216,0.0354281,0.0730802,0.111935,0.262572,0.000136477,0.0276241,0.564614,0.0132369,-0.0878467,,,,,,,,,,,,,,,,,,,,
168,ok,0.0147946,0.0260197,3.70769,0.0395917,0.0847764,0.150536,0.315938,0.00803562,0.0202238,0.605236,0.015101,-0.1225,2.0612,20,queda,1,58,2,30,0.112168,-0.0928057,-0.827383,1,0.5,0.172015,0.282149,0.215754,0.289433,-0.228122,-0.110597,-0.180186,0.031635
169,ok,0.00271123,0.00290552,2.0584,0.0156101,0.0398668,0.133412,0.408239,0.00338885,0.00448073,0.28711,0.00209004,-0.0208538,nan,nan,vazia,0,0,0,nan,nan,nan,nan,1,0.5,0.0736373,0.242594,0.209847,0.0747428,-0.0762302,-0.169669,-0.261912,-0.00475916
170,ok,0.0265609,0.00449563,4.36346,0.0322684,0.0696515,0.122195,0.288889,0.0040533,0.0210173,0.264302,0.00592722,-0.0386027,1.8744,17,queda,1,56,4,30,0.119842,0.02034,0.169724,1,0.5,0.230482,0.219088,0.188025,0.0977818,-0.0948222,-0.128601,-0.0780779,-0.0256081
171,ok,0.0310545,0.00754344,4.17022,0.0362373,0.0730174,0.101611,0.225489,0.010213,0.0135274,0.112252,0.000823279,-0.0124085,1.8201,17,queda,1,51,4,27.5,0.110937,0.0178229,0.160658,1,0.5,0.249217,0.0932051,0.0976633,0.201726,-0.122829,-0.0755138,-0.164193,-0.149464
172,ok,0.0048129,0.00299102,2.12078,0.0181698,0.0455446,0.144831,0.41017,0.00648356,-0.0119553,0.351104,0.00756855,-0.0756146,nan,nan,vazia,0,0,0,nan,nan,nan,nan,2,0.25,0.0981112,0.157649,0.199039,0.213055,-0.0773436,-0.289503,-0.280234,0.0203696
173,descartado_t_max,0.00258317,0.00710225,1.3737,0.0189437,0.0407656,0.0689213,0.273005,0.00497692,0.0130847,0.782663,0.0120491,-0.102463,,,,,,,,,,,,,,,,,,,,
174,ok,0.0163634,0.0144765,3.55519,0.0345419,0.0724169,0.117662,0.28711,0.00551744,0.0171107,0.6601,0.0139748,-0.116324,2.163,19.5,queda,1,58,3,30,0.117567,0.00169714,0.0144355,1,0.5,0.180906,0.20679,0.158399,0.24344,-0.170156,-0.0714951,-0.153127,0.0701663
175,ok,0.0049366,0.0326574,1.86309,0.034653,0.0705514,0.105534,0.306846,0.0124344,-0.0170105,0.119797,0.00294532,-0.0249696,1.3848,13.25,queda,1,186,3,14.375,0.108342,-0.05888,-0.543464,3,0.125,0.099364,0.0840516,0.161594,0.24693,-0.255568,-0.104666,-0.148967,-0.181471
176,ok,0.0222299,0.00464018,4.04222,0.0305433,0.0665724,0.127981,0.34736,0.0108481,0.0211627,0.417907,0.00646549,-0.036342,1.7385,17,topo_achatado,1,76,9,17,0.106343,0.0261156,0.24558,2,0.25,0.210855,0.208645,0.256784,0.20576,-0.0963346,-0.14365,-0.0628302,-0.162888
177,ok,0.0226206,0.00776856,4.31422,0.0338306,0.0761757,0.175997,0.40053,0.0142033,0.0135087,0.247171,0.00463163,-0.0334105,1.6474,19,queda,1,134,11,27.5,0.0848798,-0.0973829,-1.1473,2,0.25,0.2127,0.273368,0.289202,0.273768,-0.124648,-0.210912,-0.236753,-0.198783
178,ok,0.0297601,0.0211425,4.27172,0.0443318,0.0935808,0.151352,0.269513,0.00711742,-0.00881593,0.385187,0.00270787,-0.0303432,2.1085,19.5,queda,1,152,5,30,0.120919,0.00244,0.0201788,2,0.25,0.243968,0.14062,0.136332,0.165358,-0.205633,-0.248927,-0.185714,-0.0655374
179,ok,0.00470073,0.00212895,2.19491,0.016709,0.0410566,0.115508,0.389013,0.00724857,0.0157534,0.671215,0.0112376,-0.0844701,1.2875,10,queda,1,34,1,17,0.113127,-0.0684,-0.604628,1,0.5,0.0969612,0.181259,0.223166,0.214678,-0.0652525,-0.202774,-0.0826684,-0.0225882
180,ok,0.029365,0.0135297,3.9716,0.0399984,0.0834424,0.126763,0.237079,0.00463082,-0.00826111,0.34736,0.00258825,-0.0209221,2.163,19.5,queda,1,61,0,30,0.122,0.0005,0.00409836,1,0.5,0.242343,0.0646357,0.14487,0.0961879,-0.164497,-0.24832,-0.0809576,-0.052339
181,ok,0.00306243,0.021814,2.09581,0.0290923,0.0675029,0.145474,0.323263,0.00983017,-0.015001,0.127553,0.0102123,-0.0852749,0.9447,7.75,falha_conv,0,101,5,7.75,0.11396,0.0761882,0.668554,3,0.125,0.0782615,0.238028,0.134556,0.28107,-0.208873,-0.278528,-0.0926805,-0.0582455
182,ok,0.0121217,0.00548971,3.46744,0.0264774,0.0622094,0.145208,0.345492,0.00757282,0.0209784,0.543143,0.0111584,-0.078599,1.8532,18.5,queda,1,58,3,30,0.111451,0.02344,0.210317,1,0.5,0.155703,0.282929,0.243482,0.206308,-0.104783,-0.213841,-0.0705957,-0.0417996
183,ok,0.00361533,0.00511407,1.53819,0.0189152,0.0444169,0.106208,0.35862,0.00600126,-0.0242564,0.35298,0.00113551,-0.0243962,0.9913,9.5,queda,1,24,1,12.5,0.11782,-0.133859,-1.13613,1,0.5,0.0850332,0.0605286,0.0770042,0.148537,-0.101134,-0.291478,-0.175772,-0.0478408
184,ok,0.0248527,0.0292095,4.36484,0.0458345,0.0970487,0.165462,0.306846,0.00777991,0.0104738,0.41597,-0.00172262,0.0262143,1.8738,21,queda,1,58,2,30,0.117176,-0.04786,-0.408446,1,0.5,0.222947,0.245256,0.278826,0.0697679,-0.2417,-0.162675,-0.174455,-0.173203
185,ok,0.0282214,0.0225909,4.59192,0.0441654,0.0915261,0.139743,0.257404,0.00911556,0.0235839,0.404381,0.00701047,-0.0452397,2.043,19.5,queda,1,56,4,30,0.11467,-0.03778,-0.329466,1,0.5,0.237577,0.249958,0.218334,0.195593,-0.21256,-0.0647396,-0.102586,-0.109224
186,ok,0.00337815,0.0146824,1.93934,0.0250753,0.0536233,0.0958578,0.317765,0.0030827,0.0115466,0.821728,0.0113609,-0.106221,1.3865,10,queda,1,30,1,15,0.119785,-0.04578,-0.382186,1,0.5,0.0821968,0.182444,0.0763069,0.205197,-0.171362,-0.0616221,-0.202698,0.118459
187,ok,0.0159502,0.00245554,3.07771,0.024342,0.0504193,0.11576,0.51178,0.010912,0.0114865,0.111015,-0.00114876,0.00679019,1.2556,12.5,falha_conv,0,140,5,12.5,0.100242,0.0841183,0.839154,3,0.125,0.178607,0.0801989,0.241302,0.172417,-0.070079,-0.0702872,-0.280431,-0.180276
188,ok,0.0295869,0.0171886,4.56456,0.0422428,0.0891458,0.150849,0.301426,0.00360705,0.0107406,0.243791,0.00262108,-0.0204358,2.0459,19.5,queda,1,57,4,30,0.123118,-0.02664,-0.216377,1,0.5,0.243257,0.218418,0.224525,0.0717533,-0.185411,-0.143012,-0.223019,-0.0181895
189,ok,0.00733001,0.028772,2.64286,0.0358183,0.0775,0.1428,0.323263,0.0082921,-0.0119526,0.124944,0.00839527,-0.089542,1.7331,16,queda,1,46,3,24.5,0.116629,-0.152794,-1.31009,1,0.5,0.121079,0.212063,0.0817132,0.285685,-0.239883,-0.177448,-0.281871,0.0154039
190,ok,0.00510621,0.024159,1.99082,0.0319095,0.0694395,0.123075,0.288889,0.00822741,-0.0214504,0.238751,0.0102733,-0.0996181,1.4793,12.5,queda,1,36,1,18,0.117495,-0.21282,-1.81132,1,0.5,0.101057,0.118386,0.0611337,0.291596,-0.219814,-0.252903,-0.147219,0.00912805
191,ok,0.0168084,0.0161694,3.56528,0.0358958,0.0766542,0.141183,0.349231,0.00828298,-0.003407,0.570451,0.0011688,-0.0208278,1.9197,19,queda,1,59,2,30,0.113747,0.00114,0.0100222,1,0.5,0.183349,0.199918,0.150443,0.178618,-0.17983,-0.142304,-0.286181,-0.0846342
192,ok,0.0173764,0.0110414,3.56137,0.0329741,0.0692819,0.116381,0.306846,0.00327157,0.0284025,0.580156,0.0166698,-0.120495,2.2421,20,queda,1,61,0,30,0.119148,0.0066,0.0553931,1,0.5,0.186421,0.176736,0.294517,0.174424,-0.148603,-0.0916739,-0.0646789,0.0883021
193,ok,0.0235177,0.00309946,4.35912,0.0294413,0.0643995,0.115258,0.285335,0.00654522,0.0303548,0.323263,0.0144313,-0.11166,1.9441,16,queda,1,56,5,30,0.114997,0.0136,0.118264,1,0.5,0.216876,0.27817,0.134009,0.250127,-0.0787333,-0.0790051,-0.0532674,0.0276064
194,ok,0.00779242,0.0169487,2.87595,0.0306986,0.0666049,0.116181,0.278269,0.00521604,0.0208311,0.71997,0.0179928,-0.152318,1.991,15.5,queda,1,50,2,25.5,0.117396,0.00478,0.0407168,1,0.5,0.124839,0.259658,0.0908184,0.295286,-0.184113,-0.08904,-0.109991,0.122966
195,ok,0.00207153,0.00864476,1.49513,0.0192818,0.040717,0.0839601,0.437333,0.00572356,0.0159008,0.5,0.00250069,-0.00237619,0.5329,4,falha_conv,0,56,2,4,0.114619,0.1176,1.026,3,0.125,0.0643666,0.123333,0.265781,0.0645179,-0.13149,-0.0339615,-0.0764771,-0.113831
196,ok,0.00751839,0.015456,2.17309,0.0289651,0.057628,0.0791765,0.266035,0.00969463,-0.00482991,0.64702,-0.00267701,0.0163852,1.6157,15.5,queda,1,43,1,21.5,0.11134,-0.0832,-0.747264,1,0.5,0.122625,0.0762263,0.0918049,0.154994,-0.175818,-0.0230313,-0.179181,-0.176454
197,ok,0.0116961,0.0123475,3.08775,0.031165,0.070495,0.147494,0.334331,0.00788544,0.00555421,0.746022,0.00454287,-0.0344837,1.881,19,queda,1,50,1,25,0.116223,-0.26314,-2.26409,1,0.5,0.152945,0.193091,0.20099,0.167014,-0.157147,-0.276892,-0.126927,-0.0913907
198,ok,0.00382439,0.0111314,1.76651,0.023252,0.0487018,0.105094,0.51963,0.0137,0.0106104,0.547054,0.00249188,-0.00659223,1.0461,11.5,queda,1,23,3,13,0.0971091,-0.04196,-0.432091,1,0.5,0.0874573,0.100492,0.27071,0.220403,-0.149208,-0.0736135,-0.112014,-0.24791
199,ok,0.0193913,0.0022119,3.72723,0.0262746,0.0577608,0.106142,0.301426,0.0091763,0.0162681,0.162044,-0.00512315,0.0503868,0.799,7.625,falha_conv,0,94,9,7.625,0.108934,0.094,0.862904,3,0.125,0.196933,0.190051,0.111491,0.0832549,-0.0665117,-0.140874,-0.0571155,-0.238
200,descartado_t_min,0.00201615,0.00603704,1.24795,0.0172168,0.0375287,0.080784,0.379462,0.000291767,0.0151501,0.744311,0.0128275,-0.103093,,,,,,,,,,,,,,,,,,,,
201,ok,0.0189536,0.0229687,3.84233,0.0404491,0.0864978,0.15487,0.319595,0.00464327,-0.00293841,0.628145,-0.000678412,-0.00122347,1.9267,20,queda,1,58,3,30,0.121335,-0.02634,-0.217085,1,0.5,0.194698,0.226565,0.180734,0.0779122,-0.21433,-0.166685,-0.275295,-0.0493126
202,ok,0.0335899,0.0117365,4.44496,0.0404597,0.0839973,0.135947,0.305036,0.00525337,0.0188725,0.772868,0.0171989,-0.146235,2.1114,18,queda,1,59,2,30,0.120542,0.01522,0.126263,1,0.5,0.259191,0.117914,0.234498,0.272384,-0.153209,-0.167912,-0.204356,0.120767
203,ok,0.0164573,0.015033,3.66831,0.0350862,0.0751632,0.150205,0.404381,0.0119307,0.0124726,0.362391,0.00070244,0.00128854,1.8249,21,queda,1,58,2,30,0.0990216,-0.00848,-0.0856379,1,0.5,0.181424,0.227876,0.280936,0.185028,-0.173395,-0.111321,-0.231709,-0.205482
204,ok,0.00447564,0.00477242,1.72597,0.0192039,0.0425562,0.0910331,0.390928,0.00889375,-0.0111036,0.369958,-0.00198745,0.0115096,nan,nan,vazia,0,0,0,nan,nan,nan,nan,3,0.125,0.0946112,0.0699225,0.108096,0.14199,-0.0976977,-0.178627,-0.140141,-0.161654
205,ok,0.0117574,0.0195958,3.35036,0.0346161,0.0732827,0.141725,0.379462,0.00284675,0.0190495,0.414035,0.00843823,-0.0662472,1.9994,20,queda,1,57,2,30,0.120341,0.01374,0.114176,1,0.5,0.153345,0.257479,0.295507,0.111317,-0.197969,-0.035234,-0.285674,0.0616724
206,ok,0.0106196,0.0310306,2.59188,0.0389552,0.0825804,0.143073,0.310474,0.00285449,-0.02097,0.22385,0.00846953,-0.0745544,2.0128,17,queda,1,60,1,30,0.123537,0.02578,0.208682,1,0.5,0.145737,0.0851854,0.233967,0.131581,-0.249121,-0.262684,-0.202312,0.0682634
207,ok,0.0151974,0.0286816,3.32924,0.0407794,0.0858844,0.138915,0.276511,0.00879068,-0.00715065,0.140937,0.00502308,-0.0499055,2.0172,19.5,queda,1,56,4,29.5,0.116139,0.00134286,0.0115625,1,0.5,0.174341,0.175079,0.115541,0.225906,-0.239506,-0.174126,-0.189182,-0.06836
208,ok,0.00223494,0.0129524,1.38319,0.0224373,0.047166,0.0763109,0.288889,0.00830116,0.0151659,0.71289,0.0119944,-0.0940061,0.9466,7,queda,1,29,1,14.5,0.110119,0.03486,0.316568,1,0.5,0.0668572,0.0905419,0.131287,0.259192,-0.16095,-0.0982971,-0.0258389,-0.031318
209,ok,0.0146004,0.0233078,3.54077,0.0384254,0.0833251,0.145467,0.28003,0.00553323,0.00927157,0.49411,0.000714716,0.00584776,1.9401,19.5,queda,1,57,3,30,0.119553,-0.01052,-0.0879946,1,0.5,0.170882,0.242952,0.191659,0.0633278,-0.215907,-0.190906,-0.0718006,-0.114567
210,ok,0.0166196,0.00336275,3.58532,0.0265762,0.0603491,0.136065,0.360504,0.00456244,0.0232415,0.687708,0.0180187,-0.141965,1.8967,16,queda,1,43,0,21.5,0.116778,-0.11642,-0.996934,1,0.5,0.182316,0.201774,0.273454,0.238736,-0.0820092,-0.201327,-0.131249,0.109713
211,ok,0.00319402,0.00272317,1.56347,0.0154603,0.0351812,0.0871176,0.425664,0.00820371,0.00903558,0.689526,0.00619429,-0.0435537,1.0073,8.5,queda,1,32,3,18,0.11105,0.14184,1.27726,1,0.5,0.0799253,0.0811559,0.196597,0.180799,-0.0737993,-0.154432,-0.0685967,-0.0958816
212,descartado_t_min,0.0120496,0.00528036,3.35497,0.0260044,0.0595371,0.134293,0.345492,9.71961e-05,0.00961851,0.167874,0.00330914,-0.0425257,,,,,,,,,,,,,,,,,,,,
213,ok,0.0155355,0.0029459,3.74869,0.0258556,0.0619433,0.163667,0.385187,0.0101041,0.0115599,0.149234,0.00933433,-0.0769013,1.3366,12.25,topo_achatado,1,150,10,12.25,0.107047,0.0036,0.0336302,3,0.125,0.17627,0.274342,0.235377,0.265476,-0.076758,-0.253651,-0.205587,-0.0639107
214,descartado_t_min,0.0315468,0.00764704,4.43097,0.0365671,0.074401,0.117367,0.33248,0.00150582,0.0205056,0.260846,0.00888035,-0.0673938,,,,,,,,,,,,,,,,,,,,
215,descartado_t_min,0.00246428,0.0159929,1.35689,0.0243063,0.0495181,0.0762883,0.299626,-0.000798189,-0.0113036,0.126246,0.00657709,-0.0680244,,,,,,,,,,,,,,,,,,,,
216,ok,0.0250292,0.0268703,4.1138,0.0445829,0.0912879,0.128314,0.202939,0.0107439,0.00835659,0.360504,-0.00164329,0.0197853,2.021,19.5,queda,1,61,0,30,0.114865,-0.0145,-0.126235,1,0.5,0.223737,0.18477,0.094488,0.156731,-0.23182,-0.0962198,-0.0558498,-0.224114
217,ok,0.00216587,0.0316381,1.87714,0.0318303,0.0715317,0.149184,0.3399,0.008098,-0.0194426,0.112252,-0.00513059,0.0449191,0.8747,9.75,queda,1,61,4,10.75,0.11624,-0.125,-1.07537,2,0.25,0.065816,0.227123,0.186882,0.0683197,-0.251547,-0.231154,-0.173307,-0.19493
218,ok,0.019954,0.00928978,3.86485,0.0334369,0.0728912,0.132164,0.308658,0.0141151,0.00847594,0.1723,0.000905179,-0.00666535,1.8265,18.25,queda,1,109,3,19.5,0.103978,-0.0996,-0.957897,2,0.25,0.19977,0.215659,0.111843,0.25745,-0.136307,-0.178394,-0.110886,-0.240471
219,ok,0.00368529,0.0322226,2.08454,0.0337018,0.0728493,0.133987,0.326941,0.00947341,-0.0162158,0.0989818,-0.00604101,0.0466944,1.0772,12.25,falha_conv,0,154,8,12.25,0.114143,0.0501474,0.439337,3,0.125,0.0858521,0.203478,0.132823,0.103439,-0.253861,-0.160472,-0.199829,-0.213321
220,ok,0.00672467,0.00332807,2.81865,0.0204238,0.0505654,0.133204,0.362391,0.0115253,0.00822519,0.281795,0.000795304,-0.00387284,1.4511,14,queda,1,52,4,27.5,0.105772,0.0300743,0.28433,1,0.5,0.115971,0.279159,0.123038,0.203103,-0.0815851,-0.215467,-0.108261,-0.198337
221,descartado_t_min,0.0149606,0.00949211,3.32666,0.0307261,0.0655716,0.111184,0.28003,0.000961161,0.0194929,0.58403,0.0115121,-0.0830958,,,,,,,,,,,,,,,,,,,,
222,ok,0.00648354,0.0040583,2.4279,0.0209467,0.0508857,0.128521,0.343625,0.00243885,0.0250689,0.703966,0.0189915,-0.143859,1.7476,12.5,queda,1,47,1,25,0.118855,0.0328313,0.27623,1,0.5,0.113873,0.171209,0.27193,0.193755,-0.0900922,-0.290918,-0.0232544,0.132881
223,descartado_t_min,0.0227745,0.0325753,4.0983,0.0461208,0.0966337,0.150377,0.245479,-0.00114528,0.00490198,0.890215,0.00449176,-0.0547927,,,,,,,,,,,,,,,,,,,,
224,ok,0.00325853,0.0101544,2.09852,0.0228016,0.0544549,0.135386,0.360504,0.00783867,0.0103797,0.818712,0.0101498,-0.0927114,1.0328,8,queda,1,36,2,19,0.115417,0.0323,0.279855,1,0.5,0.0807283,0.229008,0.125967,0.264425,-0.142509,-0.23423,-0.18376,0.00602026
225,ok,0.0277983,0.00546156,4.09273,0.0332961,0.0683469,0.103226,0.267772,0.00475553,0.0174468,0.338041,0.00669989,-0.042929,1.9717,17.25,queda,1,292,12,30,0.118473,0.0164,0.138428,3,0.125,0.235789,0.120078,0.226512,0.110057,-0.104514,-0.0853449,-0.075365,-0.036267
226,ok,0.00631935,0.0231711,2.32332,0.0319856,0.0652627,0.117285,0.486257,0.0134932,0.0130272,0.48037,0.00155218,6.12737e-05,1.5409,16,queda,1,38,7,23.5,0.100357,-0.242671,-2.41808,1,0.5,0.112422,0.147729,0.28514,0.208899,-0.215272,-0.0220145,-0.168731,-0.245156
227,ok,0.00804845,0.0152096,2.71344,0.0300602,0.0663113,0.131139,0.343625,0.0109167,0.0143112,0.671215,0.0103182,-0.078515,1.7758,16.25,queda,1,119,1,23,0.108182,-0.18984,-1.75482,2,0.25,0.126874,0.199059,0.207924,0.277959,-0.174411,-0.182265,-0.0981457,-0.0944007
228,descartado_t_min,0.0289149,0.0289962,4.63924,0.0471315,0.0966962,0.135091,0.193546,0.00184432,0.0233111,0.423723,0.0106561,-0.0803624,,,,,,,,,,,,,,,,,,,,
229,descartado_t_min,0.0320084,0.00235251,4.17181,0.0314625,0.0646872,0.104118,0.321427,0.00158761,0.0174106,0.0886797,0.00899316,-0.0856651,,,,,,,,,,,,,,,,,,,,
230,ok,0.0130643,0.0204841,3.21076,0.0360063,0.0767057,0.121626,0.238751,0.00382637,0.0119922,0.66752,0.00885569,-0.0689359,2.1268,18.5,queda,1,58,2,30,0.120265,0.0206,0.171289,1,0.5,0.161643,0.196742,0.102338,0.147633,-0.202406,-0.157786,-0.0321016,0.0203111
231,ok,0.0211271,0.0114888,3.72321,0.0349622,0.0721336,0.130042,0.443182,0.012699,0.00859605,0.169344,-0.00018992,-0.00484126,1.856,21,queda,1,59,2,30,0.0964604,0.02868,0.297324,1,0.5,0.205558,0.146935,0.199872,0.229364,-0.151584,-0.0732071,-0.293175,-0.191625
232,ok,0.00187616,0.0275686,2.01364,0.0296645,0.0664488,0.136804,0.33248,0.00419629,0.0231183,0.564614,0.0103125,-0.0659914,nan,nan,vazia,0,0,0,nan,nan,nan,nan,1,0.5,0.0612561,0.277387,0.284034,0.118158,-0.234813,-0.13964,-0.0664707,-0.00240494
233,ok,0.0281025,0.0259272,3.90868,0.0449304,0.0878467,0.110764,0.167874,0.0111099,0.0198077,0.574336,0.00967728,-0.062726,2.2487,21.5,queda,1,57,3,30,0.110614,0.00882,0.0797365,1,0.5,0.237076,0.0612223,0.269938,0.24392,-0.227715,-0.032687,-0.050222,-0.135068
234,ok,0.0301027,0.0256015,4.39105,0.0464554,0.097634,0.15354,0.252271,0.00386247,0.00678665,0.826215,0.00668788,-0.0615211,2.1871,19,queda,1,57,2,30,0.124233,-0.0028,-0.0225383,1,0.5,0.245368,0.167291,0.139942,0.145209,-0.226281,-0.224361,-0.169205,0.0330055
235,ok,0.0313774,0.00227181,4.7375,0.0318884,0.0714476,0.136802,0.301426,0.013555,0.0205429,0.138215,0.00506939,-0.0347285,1.5974,14.375,falha_conv,0,179,8,14.375,0.104803,0.0521846,0.497932,3,0.125,0.250509,0.241473,0.126615,0.275875,-0.0674063,-0.220507,-0.0373668,-0.20671
236,ok,0.0133583,0.0277349,2.789,0.039368,0.0832606,0.132864,0.253978,0.0052072,-0.0235049,0.281795,0.0150423,-0.143302,2.2153,18,queda,1,60,1,30,0.121751,0.0240343,0.197406,1,0.5,0.163452,0.0753595,0.0692913,0.296996,-0.23552,-0.280557,-0.166557,0.128301
237,descartado_t_min,0.0238961,0.0250247,4.10865,0.0433867,0.0899121,0.139415,0.264302,0.000736343,0.00835138,0.826215,0.00825762,-0.078172,,,,,,,,,,,,,,,,,,,,
238,ok,0.0129892,0.0269369,2.86203,0.0381591,0.0756292,0.0977326,0.173785,0.0096624,-0.00536318,0.0553916,-0.00216415,0.0250039,1.9893,19,queda,1,60,1,30,0.113881,0.01594,0.13997,1,0.5,0.161178,0.101792,0.121798,0.126285,-0.232107,-0.0269345,-0.0699652,-0.211295
239,ok,0.0285665,0.00698761,4.07853,0.0347487,0.0699556,0.112238,0.406309,0.00617583,0.0191827,0.721731,0.016365,-0.136216,2.0483,17.5,queda,1,54,5,29.5,0.11652,0.0154385,0.132497,1,0.5,0.239025,0.0997386,0.268074,0.271152,-0.118217,-0.0436891,-0.235747,0.0912166
240,ok,0.00965353,0.0210174,3.26814,0.0344611,0.0771261,0.155493,0.321427,0.00397688,0.0268196,0.59947,0.0162464,-0.118492,1.9901,19.5,queda,1,50,3,27,0.117395,-0.188131,-1.60256,1,0.5,0.13895,0.295522,0.289702,0.186681,-0.205024,-0.18829,-0.0822005,0.0763973
241,ok,0.0061692,0.00454025,2.17223,0.0204459,0.0440133,0.0801678,0.317765,0.00207239,0.00757536,0.795479,0.00720838,-0.0643146,nan,nan,vazia,0,0,0,nan,nan,nan,nan,1,0.5,0.111078,0.124128,0.0964664,0.11987,-0.0952917,-0.0872635,-0.132828,0.0656012
242,ok,0.00343878,0.00342835,2.25773,0.0174852,0.0460044,0.137627,0.356738,0.0039971,0.0142855,0.756209,0.0126318,-0.105453,1.3137,9.5,queda,1,26,2,13.5,0.117864,-0.07204,-0.611214,1,0.5,0.082931,0.260985,0.165934,0.198212,-0.0828052,-0.273566,-0.127279,0.079967
243,ok,0.0319069,0.0189989,4.48672,0.0442131,0.0937665,0.146066,0.232087,0.0059752,0.00405283,0.048426,4.75793e-05,-0.000170458,2.0955,19,queda,1,60,1,30,0.122038,-0.00138,-0.0113079,1,0.5,0.252614,0.166809,0.08414,0.100495,-0.19493,-0.251651,-0.0592307,-0.104952
244,ok,0.0267301,0.00674548,4.01674,0.0344796,0.0747894,0.142498,0.330631,0.00236903,0.0118208,0.739154,0.00967304,-0.0746868,1.9746,17.5,queda,1,57,3,30,0.123246,0.0196686,0.159588,1,0.5,0.231215,0.114549,0.286634,0.107786,-0.116151,-0.26299,-0.153581,0.0628028
245,ok,0.00611714,0.0140164,2.21254,0.0272665,0.0566398,0.100992,0.390928,0.00599059,0.00604063,0.859063,0.0060246,-0.0619133,1.6136,13.5,queda,1,41,2,22,0.116013,-0.0397857,-0.342943,1,0.5,0.110609,0.134937,0.129483,0.19438,-0.16743,-0.052905,-0.263356,0.0110174
246,ok,0.0257803,0.00248797,4.08115,0.0299034,0.0674652,0.13262,0.299626,0.00522708,0.0126532,0.0647148,0.00456374,-0.0479343,0.9121,6.875,falha_conv,0,98,0,6.875,0.119771,0.1192,0.995235,3,0.125,0.22707,0.163062,0.0754558,0.161925,-0.0705403,-0.286557,-0.141065,-0.00903965
247,ok,0.0252149,0.0112814,3.89592,0.0370292,0.0789284,0.140356,0.323263,0.00580716,0.0135345,0.790707,0.0126452,-0.108314,2.1139,18,queda,1,58,3,30,0.119995,0.01656,0.138006,1,0.5,0.224566,0.113038,0.225164,0.231722,-0.150209,-0.23614,-0.188021,0.0574915
248,ok,0.00255773,0.0167203,1.48979,0.0249025,0.0513555,0.0920892,0.450991,0.00997515,-0.0102051,0.0831775,-0.00329371,0.035631,0.8556,11,queda,1,24,1,12.5,0.109577,-0.06626,-0.604689,1,0.5,0.0715225,0.0956759,0.205624,0.108062,-0.182868,-0.0609568,-0.131805,-0.227339
249,ok,0.0329867,0.00205108,4.71211,0.0318352,0.0688623,0.131716,0.362391,0.0120014,0.0222388,0.121075,-0.00715689,0.0464613,0.8039,8.125,falha_conv,0,106,3,8.125,0.0992027,0.11374,1.14655,3,0.125,0.256853,0.211038,0.0803281,0.166598,-0.0640481,-0.132219,-0.273349,-0.241372
250,ok,0.0183379,0.014333,3.76236,0.0360301,0.0797003,0.154408,0.314114,0.00451763,-0.00697025,0.464687,0.00253,-0.0341162,1.9434,18.5,queda,1,60,1,30,0.122189,0.00054,0.00441939,1,0.5,0.191509,0.222004,0.116942,0.131045,-0.16931,-0.244952,-0.248462,0.000186313
251,ok,0.00289497,0.0133046,1.53724,0.0235749,0.0499519,0.10246,0.433439,0.00764336,-0.0111344,0.252271,0.00512022,-0.0578144,0.9999,9,queda,1,20,0,9.5,0.113559,-0.02332,-0.205355,1,0.5,0.0760917,0.0945248,0.125549,0.222142,-0.163123,-0.106229,-0.273922,-0.0214416
252,descartado_t_min,0.0178873,0.0102723,3.72838,0.032683,0.0683075,0.109854,0.28003,0.0013383,0.0161461,0.248867,0.00390476,-0.0400105,,,,,,,,,,,,,,,,,,,,
253,ok,0.00715639,0.0234265,2.36714,0.0328724,0.0674069,0.102367,0.278269,0.00501723,0.0168598,0.633829,0.0111089,-0.0829059,1.8321,14.5,queda,1,55,1,28,0.11757,0.02806,0.238666,1,0.5,0.119636,0.133813,0.218959,0.172641,-0.216455,-0.0649121,-0.0958136,0.0178634
254,descartado_t_min,0.0235541,0.0214311,4.17176,0.0420804,0.0909955,0.162029,0.292455,0.00185526,0.00334147,0.869816,0.00328981,-0.035156,,,,,,,,,,,,,,,,,,,,
255,ok,0.00859002,0.00561477,2.96708,0.0235828,0.0515783,0.102634,0.351104,0.00480364,0.0270287,0.431494,0.0152522,-0.119832,1.9294,15,queda,1,53,3,27.5,0.114877,0.02408,0.209615,1,0.5,0.131073,0.252663,0.183888,0.226112,-0.10597,-0.0234401,-0.121648,0.07856
