caso,cg,trimagem,M,it_graus,alfa_graus,CL,CD_trefftz,CD_campo_proximo,CDp,CDff,CDind,Cm,de_graus
a,fwd,sem,0.85,-3.24228,-4.10768,-0.5,0.0278016,0.02199,0.01468,0.0131216,0.0073074,0.20525,0
a,fwd,sem,0.85,-3.24228,-4,-0.48694,0.027331,0.02153,0.01468,0.012651,0.006846,0.20266,0
a,fwd,sem,0.85,-3.24228,-3.5,-0.42623,0.0252936,0.01954,0.01468,0.0106136,0.0048588,0.1906,0
a,fwd,sem,0.85,-3.24228,-3,-0.36547,0.0234999,0.01781,0.01468,0.0088199,0.0031284,0.17847,0
a,fwd,sem,0.85,-3.24228,-2.5,-0.30464,0.0219506,0.01634,0.01468,0.0072706,0.0016555,0.16628,0
a,fwd,sem,0.85,-3.24228,-2,-0.24377,0.0206461,0.01512,0.01468,0.0059661,0.0004411,0.15403,0
a,fwd,sem,0.85,-3.24228,-1.5,-0.18287,0.0195867,0.01417,0.01468,0.0049067,-0.0005145,0.14173,0
a,fwd,sem,0.85,-3.24228,-1,-0.12195,0.0187729,0.01347,0.01468,0.0040929,-0.0012108,0.12938,0
a,fwd,sem,0.85,-3.24228,-0.5,-0.06102,0.0182048,0.01303,0.01468,0.0035248,-0.0016477,0.11698,0
a,fwd,sem,0.85,-3.24228,0,-0.0001,0.0178827,0.01285,0.01468,0.0032027,-0.0018253,0.10453,0
a,fwd,sem,0.85,-3.24228,0.5,0.06082,0.0178066,0.01294,0.01468,0.0031266,-0.0017438,0.09205,0
a,fwd,sem,0.85,-3.24228,1,0.12171,0.0179765,0.01328,0.01468,0.0032965,-0.0014036,0.07953,0
a,fwd,sem,0.85,-3.24228,1.5,0.18256,0.0183925,0.01387,0.01468,0.0037125,-0.0008055,0.06698,0
a,fwd,sem,0.85,-3.24228,2,0.24337,0.0190543,0.01473,0.01468,0.0043743,4.98e-05,0.0544,0
a,fwd,sem,0.85,-3.24228,2.5,0.30411,0.0199618,0.01584,0.01468,0.0052818,0.0011612,0.0418,0
a,fwd,sem,0.85,-3.24228,3,0.36479,0.0211147,0.01721,0.01468,0.0064347,0.0025274,0.02918,0
a,fwd,sem,0.85,-3.24228,3.5,0.42538,0.0225127,0.01883,0.01468,0.0078327,0.0041471,0.01653,0
a,fwd,sem,0.85,-3.24228,4,0.48588,0.0241553,0.0207,0.01468,0.0094753,0.0060186,0.00388,0
a,fwd,sem,0.85,-3.24228,4.5,0.54628,0.026042,0.02282,0.01468,0.011362,0.0081401,-0.00878,0
a,fwd,sem,0.85,-3.24228,5,0.60656,0.0281722,0.02519,0.01468,0.0134922,0.0105097,-0.02145,0
a,fwd,sem,0.85,-3.24228,5.5,0.66672,0.0305454,0.0278,0.01468,0.0158654,0.013125,-0.03412,0
a,fwd,sem,0.85,-3.24228,6,0.72674,0.0331607,0.03066,0.01468,0.0184807,0.0159838,-0.04678,0
a,fwd,sem,0.85,-3.24228,6.5,0.78661,0.0360174,0.03376,0.01468,0.0213374,0.0190834,-0.05944,0
a,fwd,sem,0.85,-3.24228,7,0.84632,0.0391146,0.0371,0.01468,0.0244346,0.0224211,-0.07209,0
a,fwd,sem,0.85,-3.24228,7.5,0.90586,0.0424514,0.04067,0.01468,0.0277714,0.0259941,-0.08473,0
a,fwd,sem,0.85,-3.24228,8,0.96522,0.0460267,0.04448,0.01468,0.0313467,0.029799,-0.09734,0
a,fwd,sem,0.85,-3.24228,8.5,1.02439,0.0498395,0.04851,0.01468,0.0351595,0.0338328,-0.10994,0
a,fwd,sem,0.85,-3.24228,9,1.08335,0.0538886,0.05277,0.01468,0.0392086,0.0380919,-0.12251,0
a,fwd,sem,0.85,-3.24228,9.5,1.14211,0.0581727,0.05725,0.01468,0.0434927,0.0425726,-0.13505,0
a,fwd,sem,0.85,-3.24228,9.76423,1.17307,0.0605312,0.05971,0.01468,0.0458512,0.0450287,-0.14166,0
b,aft,sem,0.85,-0.963792,-4.32002,-0.5,0.026134,0.02089,0.01468,0.011454,0.0062114,-0.03399,0
b,aft,sem,0.85,-0.963792,-4,-0.46117,0.0248088,0.0196,0.01468,0.0101288,0.0049167,-0.03256,0
b,aft,sem,0.85,-0.963792,-3.5,-0.40044,0.0229379,0.01778,0.01468,0.0082579,0.0031042,-0.03034,0
b,aft,sem,0.85,-0.963792,-3,-0.33965,0.0213112,0.01623,0.01468,0.0066312,0.0015489,-0.02814,0
b,aft,sem,0.85,-0.963792,-2.5,-0.27881,0.0199291,0.01493,0.01468,0.0052491,0.0002517,-0.02595,0
b,aft,sem,0.85,-0.963792,-2,-0.21793,0.018792,0.01389,0.01468,0.004112,-0.0007867,-0.02379,0
b,aft,sem,0.85,-0.963792,-1.5,-0.15702,0.0179002,0.01311,0.01468,0.0032202,-0.0015659,-0.02166,0
b,aft,sem,0.85,-0.963792,-1,-0.0961,0.0172541,0.01259,0.01468,0.0025741,-0.0020857,-0.01954,0
b,aft,sem,0.85,-0.963792,-0.5,-0.03517,0.0168538,0.01233,0.01468,0.0021738,-0.0023459,-0.01745,0
b,aft,sem,0.85,-0.963792,0,0.02575,0.0166994,0.01233,0.01468,0.0020194,-0.0023469,-0.01538,0
b,aft,sem,0.85,-0.963792,0.5,0.08665,0.0167911,0.01259,0.01468,0.0021111,-0.0020888,-0.01334,0
b,aft,sem,0.85,-0.963792,1,0.14752,0.0171287,0.01311,0.01468,0.0024487,-0.0015723,-0.01132,0
b,aft,sem,0.85,-0.963792,1.5,0.20834,0.0177122,0.01388,0.01468,0.0030322,-0.0007981,-0.00933,0
b,aft,sem,0.85,-0.963792,2,0.26912,0.0185413,0.01491,0.01468,0.0038613,0.0002329,-0.00737,0
b,aft,sem,0.85,-0.963792,2.5,0.32983,0.019616,0.0162,0.01468,0.004936,0.0015195,-0.00543,0
b,aft,sem,0.85,-0.963792,3,0.39047,0.0209357,0.01774,0.01468,0.0062557,0.0030605,-0.00352,0
b,aft,sem,0.85,-0.963792,3.5,0.45102,0.0225001,0.01953,0.01468,0.0078201,0.0048542,-0.00164,0
b,aft,sem,0.85,-0.963792,4,0.51147,0.0243087,0.02158,0.01468,0.0096287,0.006899,0.00021,0
b,aft,sem,0.85,-0.963792,4.5,0.57182,0.0263611,0.02387,0.01468,0.0116811,0.009193,0.00204,0
b,aft,sem,0.85,-0.963792,5,0.63204,0.0286565,0.02641,0.01468,0.0139765,0.0117341,0.00383,0
b,aft,sem,0.85,-0.963792,5.5,0.69213,0.0311942,0.0292,0.01468,0.0165142,0.01452,0.00559,0
b,aft,sem,0.85,-0.963792,6,0.75208,0.0339735,0.03223,0.01468,0.0192935,0.0175482,0.00732,0
b,aft,sem,0.85,-0.963792,6.5,0.81188,0.0369936,0.0355,0.01468,0.0223136,0.0208161,0.00902,0
b,aft,sem,0.85,-0.963792,7,0.87151,0.0402534,0.039,0.01468,0.0255734,0.0243208,0.01069,0
b,aft,sem,0.85,-0.963792,7.5,0.93097,0.0437521,0.04274,0.01468,0.0290721,0.0280593,0.01233,0
b,aft,sem,0.85,-0.963792,8,0.99024,0.0474886,0.04671,0.01468,0.0328086,0.0320284,0.01393,0
b,aft,sem,0.85,-0.963792,8.5,1.04932,0.0514616,0.0509,0.01468,0.0367816,0.0362248,0.0155,0
b,aft,sem,0.85,-0.963792,9,1.10819,0.0556701,0.05532,0.01468,0.0409901,0.0406449,0.01703,0
b,aft,sem,0.85,-0.963792,9.5,1.16684,0.0601128,0.05996,0.01468,0.0454328,0.0452848,0.01853,0
b,aft,sem,0.85,-0.963792,9.7195,1.19252,0.0621366,0.06207,0.01468,0.0474566,0.0473903,0.01918,0
c,fwd,com,0.85,-3.24228,-4.45886,-0.5,0.0253589,0.02079,0.01468,0.0106789,0.0061053,0,6.87658
c,fwd,com,0.85,-3.24228,-4,-0.44656,0.023685,0.01908,0.01468,0.009005,0.0043991,0,6.51856
c,fwd,com,0.85,-3.24228,-3.5,-0.38826,0.0220702,0.01744,0.01468,0.0073902,0.0027611,0,6.12766
c,fwd,com,0.85,-3.24228,-3,-0.32991,0.0206738,0.01603,0.01468,0.0059938,0.0013545,0,5.7359
c,fwd,com,0.85,-3.24228,-2.5,-0.27152,0.0194962,0.01486,0.01468,0.0048162,0.0001801,0,5.34322
c,fwd,com,0.85,-3.24228,-2,-0.2131,0.0185378,0.01392,0.01468,0.0038578,-0.0007616,0,4.94955
c,fwd,com,0.85,-3.24228,-1.5,-0.15466,0.0177988,0.01321,0.01468,0.0031188,-0.0014702,0,4.55483
c,fwd,com,0.85,-3.24228,-1,-0.0962,0.0172793,0.01273,0.01468,0.0025993,-0.0019456,0,4.15902
c,fwd,com,0.85,-3.24228,-0.5,-0.03774,0.0169795,0.01249,0.01468,0.0022995,-0.0021879,0,3.76204
c,fwd,com,0.85,-3.24228,0,0.0207,0.0168995,0.01248,0.01468,0.0022195,-0.0021971,0,3.36382
c,fwd,com,0.85,-3.24228,0.5,0.07913,0.0170391,0.01271,0.01468,0.0023591,-0.0019736,0,2.96432
c,fwd,com,0.85,-3.24228,1,0.13752,0.0173983,0.01316,0.01468,0.0027183,-0.001518,0,2.56346
c,fwd,com,0.85,-3.24228,1.5,0.19588,0.017977,0.01385,0.01468,0.003297,-0.000831,0,2.16118
c,fwd,com,0.85,-3.24228,2,0.25418,0.0187749,0.01477,0.01468,0.0040949,8.64e-05,0,1.75742
c,fwd,com,0.85,-3.24228,2.5,0.31242,0.0197917,0.01591,0.01468,0.0051117,0.0012334,0,1.35211
c,fwd,com,0.85,-3.24228,3,0.37058,0.0210271,0.01729,0.01468,0.0063471,0.0026085,0,0.94518
c,fwd,com,0.85,-3.24228,3.5,0.42866,0.0224807,0.01889,0.01468,0.0078007,0.0042104,0,0.53656
c,fwd,com,0.85,-3.24228,4,0.48665,0.0241519,0.02072,0.01468,0.0094719,0.0060375,0,0.12619
c,fwd,com,0.85,-3.24228,4.5,0.54454,0.0260402,0.02277,0.01468,0.0113602,0.0080881,0,-0.28601
c,fwd,com,0.85,-3.24228,5,0.60231,0.028145,0.02504,0.01468,0.013465,0.0103602,0,-0.70011
c,fwd,com,0.85,-3.24228,5.5,0.65996,0.0304656,0.02753,0.01468,0.0157856,0.0128516,0,-1.11618
c,fwd,com,0.85,-3.24228,6,0.71747,0.0330013,0.03024,0.01468,0.0183213,0.0155603,0,-1.53429
c,fwd,com,0.85,-3.24228,6.5,0.77483,0.0357511,0.03316,0.01468,0.0210711,0.0184836,0,-1.95453
c,fwd,com,0.85,-3.24228,7,0.83205,0.0387143,0.0363,0.01468,0.0240343,0.021619,0,-2.37696
c,fwd,com,0.85,-3.24228,7.5,0.8891,0.0418899,0.03964,0.01468,0.0272099,0.0249638,0,-2.80167
c,fwd,com,0.85,-3.24228,8,0.94597,0.0452768,0.0432,0.01468,0.0305968,0.0285151,0,-3.22873
c,fwd,com,0.85,-3.24228,8.5,1.00266,0.0488741,0.04695,0.01468,0.0341941,0.0322697,0,-3.65823
c,fwd,com,0.85,-3.24228,9,1.05916,0.0526805,0.0509,0.01468,0.0380005,0.0362244,0,-4.09025
c,fwd,com,0.85,-3.24228,9.5,1.11545,0.0566948,0.05506,0.01468,0.0420148,0.0403759,0,-4.52487
c,fwd,com,0.85,-3.24228,9.70538,1.13851,0.0584037,0.05682,0.01468,0.0437237,0.0421373,0,-4.70417
d,aft,com,0.85,-0.963792,-4.26186,-0.5,0.0265373,0.0211,0.01468,0.0118573,0.0064229,0,-1.13934
d,aft,com,0.85,-0.963792,-4,-0.46798,0.0254133,0.02001,0.01468,0.0107333,0.0053305,0,-1.09951
d,aft,com,0.85,-0.963792,-3.5,-0.40679,0.0234578,0.01813,0.01468,0.0087778,0.0034452,0,-1.02413
d,aft,com,0.85,-0.963792,-3,-0.34553,0.0217532,0.0165,0.01468,0.0070732,0.0018239,0,-0.94961
d,aft,com,0.85,-0.963792,-2.5,-0.28424,0.0202999,0.01515,0.01468,0.0056199,0.0004673,0,-0.87597
d,aft,com,0.85,-0.963792,-2,-0.22291,0.019098,0.01406,0.01468,0.004418,-0.0006239,0,-0.80318
d,aft,com,0.85,-0.963792,-1.5,-0.16155,0.018148,0.01323,0.01468,0.003468,-0.0014495,0,-0.73122
d,aft,com,0.85,-0.963792,-1,-0.10019,0.0174499,0.01267,0.01468,0.0027699,-0.0020092,0,-0.6601
d,aft,com,0.85,-0.963792,-0.5,-0.03882,0.0170039,0.01238,0.01468,0.0023239,-0.0023032,0,-0.5898
d,aft,com,0.85,-0.963792,0,0.02253,0.0168099,0.01235,0.01468,0.0021299,-0.0023317,0,-0.52031
d,aft,com,0.85,-0.963792,0.5,0.08386,0.016868,0.01258,0.01468,0.002188,-0.0020951,0,-0.45163
d,aft,com,0.85,-0.963792,1,0.14515,0.0171779,0.01309,0.01468,0.0024979,-0.0015942,0,-0.38373
d,aft,com,0.85,-0.963792,1.5,0.20639,0.0177395,0.01385,0.01468,0.0030595,-0.0008297,0,-0.31663
d,aft,com,0.85,-0.963792,2,0.26758,0.0185525,0.01488,0.01468,0.0038725,0.0001972,0,-0.2503
d,aft,com,0.85,-0.963792,2.5,0.3287,0.0196164,0.01617,0.01468,0.0049364,0.0014853,0,-0.18475
d,aft,com,0.85,-0.963792,3,0.38974,0.020931,0.01771,0.01468,0.006251,0.0030332,0,-0.11996
d,aft,com,0.85,-0.963792,3.5,0.45068,0.0224956,0.01952,0.01468,0.0078156,0.0048391,0,-0.05593
d,aft,com,0.85,-0.963792,4,0.51152,0.0243096,0.02158,0.01468,0.0096296,0.0069013,0,0.00733
d,aft,com,0.85,-0.963792,4.5,0.57224,0.0263725,0.0239,0.01468,0.0116925,0.0092177,0,0.06986
d,aft,com,0.85,-0.963792,5,0.63284,0.0286833,0.02647,0.01468,0.0140033,0.0117859,0,0.13163
d,aft,com,0.85,-0.963792,5.5,0.69329,0.0312414,0.02928,0.01468,0.0165614,0.0146037,0,0.19266
d,aft,com,0.85,-0.963792,6,0.7536,0.0340458,0.03235,0.01468,0.0193658,0.0176684,0,0.25296
d,aft,com,0.85,-0.963792,6.5,0.81375,0.0370955,0.03566,0.01468,0.0224155,0.0209771,0,0.31251
d,aft,com,0.85,-0.963792,7,0.87373,0.0403895,0.03921,0.01468,0.0257095,0.0245268,0,0.37134
d,aft,com,0.85,-0.963792,7.5,0.93353,0.0439266,0.04299,0.01468,0.0292466,0.0283145,0,0.42943
d,aft,com,0.85,-0.963792,8,0.99313,0.0477057,0.04702,0.01468,0.0330257,0.0323366,0,0.48679
d,aft,com,0.85,-0.963792,8.5,1.05253,0.0517255,0.05127,0.01468,0.0370455,0.0365897,0,0.54343
d,aft,com,0.85,-0.963792,9,1.11171,0.0559847,0.05575,0.01468,0.0413047,0.0410701,0,0.59933
d,aft,com,0.85,-0.963792,9.5,1.17067,0.0604818,0.06045,0.01468,0.0458018,0.0457738,0,0.6545
d,aft,com,0.85,-0.963792,9.69234,1.19329,0.0622748,0.06232,0.01468,0.0475948,0.0476418,0,0.67553
