perfil,x,y
partida,1.00000000,-0.00000000
partida,0.99993769,-0.00001202
partida,0.99975079,-0.00004805
partida,0.99943935,-0.00010808
partida,0.99900343,-0.00019205
partida,0.99844315,-0.00029990
partida,0.99775864,-0.00043155
partida,0.99695009,-0.00058687
partida,0.99601768,-0.00076577
partida,0.99496166,-0.00096808
partida,0.99378228,-0.00119365
partida,0.99247984,-0.00144231
partida,0.99105466,-0.00171386
partida,0.98950710,-0.00200808
partida,0.98783755,-0.00232475
partida,0.98604642,-0.00266361
partida,0.98413415,-0.00302442
partida,0.98210123,-0.00340688
partida,0.97994816,-0.00381070
partida,0.97767548,-0.00423559
partida,0.97528374,-0.00468120
partida,0.97277356,-0.00514722
partida,0.97014556,-0.00563328
partida,0.96740038,-0.00613903
partida,0.96453872,-0.00666409
partida,0.96156128,-0.00720808
partida,0.95846881,-0.00777059
partida,0.95526209,-0.00835122
partida,0.95194190,-0.00894955
partida,0.94850908,-0.00956516
partida,0.94496448,-0.01019761
partida,0.94130899,-0.01084645
partida,0.93754351,-0.01151124
partida,0.93366899,-0.01219152
partida,0.92968639,-0.01288682
partida,0.92559670,-0.01359668
partida,0.92140095,-0.01432061
partida,0.91710017,-0.01505815
partida,0.91269544,-0.01580881
partida,0.90818786,-0.01657210
partida,0.90357855,-0.01734754
partida,0.89886866,-0.01813463
partida,0.89405937,-0.01893288
partida,0.88915186,-0.01974180
partida,0.88414738,-0.02056090
partida,0.87904715,-0.02138968
partida,0.87385246,-0.02222765
partida,0.86856459,-0.02307431
partida,0.86318488,-0.02392918
partida,0.85771464,-0.02479176
partida,0.85215526,-0.02566157
partida,0.84650812,-0.02653812
partida,0.84077461,-0.02742093
partida,0.83495618,-0.02830952
partida,0.82905427,-0.02920340
partida,0.82307036,-0.03010212
partida,0.81700592,-0.03100519
partida,0.81086249,-0.03191216
partida,0.80464158,-0.03282255
partida,0.79834474,-0.03373592
partida,0.79197356,-0.03465180
partida,0.78552960,-0.03556975
partida,0.77901449,-0.03648931
partida,0.77242984,-0.03741006
partida,0.76577730,-0.03833154
partida,0.75905852,-0.03925333
partida,0.75227517,-0.04017499
partida,0.74542895,-0.04109610
partida,0.73852157,-0.04201624
partida,0.73155474,-0.04293498
partida,0.72453021,-0.04385192
partida,0.71744971,-0.04476662
partida,0.71031503,-0.04567870
partida,0.70312793,-0.04658773
partida,0.69589020,-0.04749331
partida,0.68860366,-0.04839505
partida,0.68127011,-0.04929252
partida,0.67389138,-0.05018534
partida,0.66646932,-0.05107310
partida,0.65900577,-0.05195541
partida,0.65150259,-0.05283186
partida,0.64396165,-0.05370205
partida,0.63638484,-0.05456559
partida,0.62877404,-0.05542207
partida,0.62113114,-0.05627109
partida,0.61345805,-0.05711224
partida,0.60575669,-0.05794511
partida,0.59802897,-0.05876931
partida,0.59027683,-0.05958441
partida,0.58250218,-0.06039000
partida,0.57470697,-0.06118566
partida,0.56689314,-0.06197097
partida,0.55906264,-0.06274550
partida,0.55121742,-0.06350881
partida,0.54335944,-0.06426048
partida,0.53549065,-0.06500006
partida,0.52761302,-0.06572710
partida,0.51972850,-0.06644115
partida,0.51183907,-0.06714175
partida,0.50394668,-0.06782843
partida,0.49605332,-0.06850074
partida,0.48816093,-0.06915818
partida,0.48027150,-0.06980027
partida,0.47238698,-0.07042654
partida,0.46450935,-0.07103648
partida,0.45664056,-0.07162959
partida,0.44878258,-0.07220536
partida,0.44093736,-0.07276328
partida,0.43310686,-0.07330284
partida,0.42529303,-0.07382350
partida,0.41749782,-0.07432474
partida,0.40972317,-0.07480603
partida,0.40197103,-0.07526682
partida,0.39424331,-0.07570656
partida,0.38654195,-0.07612472
partida,0.37886886,-0.07652075
partida,0.37122596,-0.07689408
partida,0.36361516,-0.07724417
partida,0.35603835,-0.07757045
partida,0.34849741,-0.07787237
partida,0.34099423,-0.07814937
partida,0.33353068,-0.07840090
partida,0.32610862,-0.07862638
partida,0.31872989,-0.07882528
partida,0.31139634,-0.07899704
partida,0.30410980,-0.07914111
partida,0.29687207,-0.07925694
partida,0.28968497,-0.07934401
partida,0.28255029,-0.07940177
partida,0.27546979,-0.07942971
partida,0.26844526,-0.07942731
partida,0.26147843,-0.07939406
partida,0.25457105,-0.07932947
partida,0.24772483,-0.07923306
partida,0.24094148,-0.07910435
partida,0.23422270,-0.07894290
partida,0.22757016,-0.07874825
partida,0.22098551,-0.07852000
partida,0.21447040,-0.07825772
partida,0.20802644,-0.07796103
partida,0.20165526,-0.07762956
partida,0.19535842,-0.07726297
partida,0.18913751,-0.07686093
partida,0.18299408,-0.07642313
partida,0.17692964,-0.07594930
partida,0.17094573,-0.07543918
partida,0.16504382,-0.07489255
partida,0.15922539,-0.07430920
partida,0.15349188,-0.07368897
partida,0.14784474,-0.07303171
partida,0.14228536,-0.07233732
partida,0.13681512,-0.07160570
partida,0.13143541,-0.07083681
partida,0.12614754,-0.07003064
partida,0.12095285,-0.06918721
partida,0.11585262,-0.06830655
partida,0.11084814,-0.06738877
partida,0.10594063,-0.06643398
partida,0.10113134,-0.06544235
partida,0.09642145,-0.06441406
partida,0.09181214,-0.06334936
partida,0.08730456,-0.06224850
partida,0.08289983,-0.06111181
partida,0.07859905,-0.05993962
partida,0.07440330,-0.05873232
partida,0.07031361,-0.05749033
partida,0.06633101,-0.05621411
partida,0.06245649,-0.05490416
partida,0.05869101,-0.05356102
partida,0.05503552,-0.05218527
partida,0.05149092,-0.05077752
partida,0.04805810,-0.04933842
partida,0.04473791,-0.04786866
partida,0.04153119,-0.04636896
partida,0.03843872,-0.04484009
partida,0.03546128,-0.04328284
partida,0.03259962,-0.04169804
partida,0.02985444,-0.04008657
partida,0.02722644,-0.03844932
partida,0.02471626,-0.03678721
partida,0.02232452,-0.03510122
partida,0.02005184,-0.03339235
partida,0.01789877,-0.03166160
partida,0.01586585,-0.02991003
partida,0.01395358,-0.02813873
partida,0.01216245,-0.02634879
partida,0.01049290,-0.02454134
partida,0.00894534,-0.02271754
partida,0.00752016,-0.02087855
partida,0.00621772,-0.01902557
partida,0.00503834,-0.01715982
partida,0.00398232,-0.01528251
partida,0.00304991,-0.01339490
partida,0.00224136,-0.01149824
partida,0.00155685,-0.00959380
partida,0.00099657,-0.00768286
partida,0.00056065,-0.00576671
partida,0.00024921,-0.00384665
partida,0.00006231,-0.00192398
partida,0.00000000,-0.00000000
partida,0.00006231,0.00202289
partida,0.00024921,0.00404503
partida,0.00056065,0.00606567
partida,0.00099657,0.00808406
partida,0.00155685,0.01009943
partida,0.00224136,0.01211103
partida,0.00304991,0.01411811
partida,0.00398232,0.01611990
partida,0.00503834,0.01811563
partida,0.00621772,0.02010455
partida,0.00752016,0.02208586
partida,0.00894534,0.02405880
partida,0.01049290,0.02602258
partida,0.01216245,0.02797641
partida,0.01395358,0.02991951
partida,0.01586585,0.03185107
partida,0.01789877,0.03377029
partida,0.02005184,0.03567636
partida,0.02232452,0.03756847
partida,0.02471626,0.03944580
partida,0.02722644,0.04130752
partida,0.02985444,0.04315283
partida,0.03259962,0.04498087
partida,0.03546128,0.04679082
partida,0.03843872,0.04858185
partida,0.04153119,0.05035311
partida,0.04473791,0.05210376
partida,0.04805810,0.05383298
partida,0.05149092,0.05553991
partida,0.05503552,0.05722371
partida,0.05869101,0.05888357
partida,0.06245649,0.06051863
partida,0.06633101,0.06212807
partida,0.07031361,0.06371108
partida,0.07440330,0.06526683
partida,0.07859905,0.06679451
partida,0.08289983,0.06829334
partida,0.08730456,0.06976251
partida,0.09181214,0.07120126
partida,0.09642145,0.07260883
partida,0.10113134,0.07398445
partida,0.10594063,0.07532742
partida,0.11084814,0.07663700
partida,0.11585262,0.07791251
partida,0.12095285,0.07915328
partida,0.12614754,0.08035864
partida,0.13143541,0.08152798
partida,0.13681512,0.08266068
partida,0.14228536,0.08375617
partida,0.14784474,0.08481390
partida,0.15349188,0.08583335
partida,0.15922539,0.08681401
partida,0.16504382,0.08775544
partida,0.17094573,0.08865720
partida,0.17692964,0.08951890
partida,0.18299408,0.09034017
partida,0.18913751,0.09112068
partida,0.19535842,0.09186014
partida,0.20165526,0.09255830
partida,0.20802644,0.09321494
partida,0.21447040,0.09382987
partida,0.22098551,0.09440295
partida,0.22757016,0.09493408
partida,0.23422270,0.09542319
partida,0.24094148,0.09587026
partida,0.24772483,0.09627529
partida,0.25457105,0.09663834
partida,0.26147843,0.09695949
partida,0.26844526,0.09723888
partida,0.27546979,0.09747667
partida,0.28255029,0.09767306
partida,0.28968497,0.09782829
partida,0.29687207,0.09794265
partida,0.30410980,0.09801644
partida,0.31139634,0.09805002
partida,0.31872989,0.09804377
partida,0.32610862,0.09799810
partida,0.33353068,0.09791346
partida,0.34099423,0.09779033
partida,0.34849741,0.09762922
partida,0.35603835,0.09743067
partida,0.36361516,0.09719524
partida,0.37122596,0.09692352
partida,0.37886886,0.09661613
partida,0.38654195,0.09627371
partida,0.39424331,0.09589690
partida,0.40197103,0.09548641
partida,0.40972317,0.09504291
partida,0.41749782,0.09456712
partida,0.42529303,0.09405977
partida,0.43310686,0.09352161
partida,0.44093736,0.09295339
partida,0.44878258,0.09235587
partida,0.45664056,0.09172982
partida,0.46450935,0.09107602
partida,0.47238698,0.09039527
partida,0.48027150,0.08968834
partida,0.48816093,0.08895603
partida,0.49605332,0.08819913
partida,0.50394668,0.08741843
partida,0.51183907,0.08661473
partida,0.51972850,0.08578882
partida,0.52761302,0.08494146
partida,0.53549065,0.08407346
partida,0.54335944,0.08318557
partida,0.55121742,0.08227857
partida,0.55906264,0.08135320
partida,0.56689314,0.08041023
partida,0.57470697,0.07945038
partida,0.58250218,0.07847439
partida,0.59027683,0.07748298
partida,0.59802897,0.07647685
partida,0.60575669,0.07545671
partida,0.61345805,0.07442322
partida,0.62113114,0.07337707
partida,0.62877404,0.07231892
partida,0.63638484,0.07124941
partida,0.64396165,0.07016918
partida,0.65150259,0.06907885
partida,0.65900577,0.06797905
partida,0.66646932,0.06687036
partida,0.67389138,0.06575338
partida,0.68127011,0.06462870
partida,0.68860366,0.06349688
partida,0.69589020,0.06235848
partida,0.70312793,0.06121407
partida,0.71031503,0.06006418
partida,0.71744971,0.05890935
partida,0.72453021,0.05775012
partida,0.73155474,0.05658702
partida,0.73852157,0.05542056
partida,0.74542895,0.05425127
partida,0.75227517,0.05307966
partida,0.75905852,0.05190625
partida,0.76577730,0.05073156
partida,0.77242984,0.04955609
partida,0.77901449,0.04838036
partida,0.78552960,0.04720489
partida,0.79197356,0.04603020
partida,0.79834474,0.04485681
partida,0.80464158,0.04368524
partida,0.81086249,0.04251604
partida,0.81700592,0.04134974
partida,0.82307036,0.04018689
partida,0.82905427,0.03902803
partida,0.83495618,0.03787373
partida,0.84077461,0.03672456
partida,0.84650812,0.03558109
partida,0.85215526,0.03444391
partida,0.85771464,0.03331361
partida,0.86318488,0.03219079
partida,0.86856459,0.03107608
partida,0.87385246,0.02997009
partida,0.87904715,0.02887347
partida,0.88414738,0.02778684
partida,0.88915186,0.02671086
partida,0.89405937,0.02564620
partida,0.89886866,0.02459352
partida,0.90357855,0.02355350
partida,0.90818786,0.02252682
partida,0.91269544,0.02151417
partida,0.91710017,0.02051626
partida,0.92140095,0.01953378
partida,0.92559670,0.01856744
partida,0.92968639,0.01761795
partida,0.93366899,0.01668602
partida,0.93754351,0.01577236
partida,0.94130899,0.01487770
partida,0.94496448,0.01400273
partida,0.94850908,0.01314816
partida,0.95194190,0.01231471
partida,0.95526209,0.01150308
partida,0.95846881,0.01071395
partida,0.96156128,0.00994800
partida,0.96453872,0.00920593
partida,0.96740038,0.00848838
partida,0.97014556,0.00779602
partida,0.97277356,0.00712947
partida,0.97528374,0.00648937
partida,0.97767548,0.00587631
partida,0.97994816,0.00529088
partida,0.98210123,0.00473365
partida,0.98413415,0.00420516
partida,0.98604642,0.00370593
partida,0.98783755,0.00323646
partida,0.98950710,0.00279723
partida,0.99105466,0.00238868
partida,0.99247984,0.00201122
partida,0.99378228,0.00166525
partida,0.99496166,0.00135112
partida,0.99601768,0.00106916
partida,0.99695009,0.00081966
partida,0.99775864,0.00060290
partida,0.99844315,0.00041909
partida,0.99900343,0.00026843
partida,0.99943935,0.00015109
partida,0.99975079,0.00006718
partida,0.99993769,0.00001680
partida,1.00000000,0.00000000
otimizado,1.00000000,-0.00000000
otimizado,0.99990362,-0.00000482
otimizado,0.99961452,-0.00001931
otimizado,0.99913281,-0.00004353
otimizado,0.99845867,-0.00007759
otimizado,0.99759236,-0.00012167
otimizado,0.99653423,-0.00017596
otimizado,0.99528467,-0.00024073
otimizado,0.99384417,-0.00031627
otimizado,0.99221328,-0.00040294
otimizado,0.99039264,-0.00050115
otimizado,0.98838294,-0.00061134
otimizado,0.98618496,-0.00073404
otimizado,0.98379955,-0.00086979
otimizado,0.98122762,-0.00101921
otimizado,0.97847017,-0.00118298
otimizado,0.97552826,-0.00136182
otimizado,0.97240302,-0.00155651
otimizado,0.96909567,-0.00176789
otimizado,0.96560747,-0.00199686
otimizado,0.96193977,-0.00224437
otimizado,0.95809398,-0.00251142
otimizado,0.95407159,-0.00279907
otimizado,0.94987414,-0.00310843
otimizado,0.94550326,-0.00344067
otimizado,0.94096063,-0.00379699
otimizado,0.93624800,-0.00417864
otimizado,0.93136719,-0.00458691
otimizado,0.92632008,-0.00502314
otimizado,0.92110862,-0.00548868
otimizado,0.91573481,-0.00598491
otimizado,0.91020072,-0.00651323
otimizado,0.90450850,-0.00707507
otimizado,0.89866033,-0.00767183
otimizado,0.89265847,-0.00830494
otimizado,0.88650523,-0.00897580
otimizado,0.88020298,-0.00968580
otimizado,0.87375416,-0.01043628
otimizado,0.86716125,-0.01122856
otimizado,0.86042680,-0.01206390
otimizado,0.85355339,-0.01294351
otimizado,0.84654368,-0.01386852
otimizado,0.83940037,-0.01483997
otimizado,0.83212622,-0.01585882
otimizado,0.82472402,-0.01692591
otimizado,0.81719664,-0.01804197
otimizado,0.80954697,-0.01920760
otimizado,0.80177797,-0.02042326
otimizado,0.79389263,-0.02168927
otimizado,0.78589398,-0.02300576
otimizado,0.77778512,-0.02437271
otimizado,0.76956916,-0.02578992
otimizado,0.76124928,-0.02725700
otimizado,0.75282869,-0.02877333
otimizado,0.74431062,-0.03033814
otimizado,0.73569837,-0.03195039
otimizado,0.72699525,-0.03360885
otimizado,0.71820462,-0.03531207
otimizado,0.70932987,-0.03705835
otimizado,0.70037442,-0.03884578
otimizado,0.69134172,-0.04067220
otimizado,0.68223525,-0.04253523
otimizado,0.67305853,-0.04443226
otimizado,0.66381509,-0.04636043
otimizado,0.65450850,-0.04831668
otimizado,0.64514234,-0.05029772
otimizado,0.63572022,-0.05230003
otimizado,0.62624579,-0.05431991
otimizado,0.61672268,-0.05635344
otimizado,0.60715458,-0.05839651
otimizado,0.59754516,-0.06044487
otimizado,0.58789814,-0.06249407
otimizado,0.57821723,-0.06453952
otimizado,0.56850617,-0.06657651
otimizado,0.55876870,-0.06860020
otimizado,0.54900857,-0.07060567
otimizado,0.53922955,-0.07258790
otimizado,0.52943540,-0.07454182
otimizado,0.51962991,-0.07646232
otimizado,0.50981685,-0.07834426
otimizado,0.50000000,-0.08018253
otimizado,0.49018315,-0.08197202
otimizado,0.48037009,-0.08370767
otimizado,0.47056460,-0.08538450
otimizado,0.46077045,-0.08699760
otimizado,0.45099143,-0.08854221
otimizado,0.44123130,-0.09001368
otimizado,0.43149383,-0.09140752
otimizado,0.42178277,-0.09271942
otimizado,0.41210186,-0.09394529
otimizado,0.40245484,-0.09508124
otimizado,0.39284542,-0.09612362
otimizado,0.38327732,-0.09706905
otimizado,0.37375421,-0.09791441
otimizado,0.36427978,-0.09865689
otimizado,0.35485766,-0.09929398
otimizado,0.34549150,-0.09982347
otimizado,0.33618491,-0.10024350
otimizado,0.32694147,-0.10055254
otimizado,0.31776475,-0.10074942
otimizado,0.30865828,-0.10083330
otimizado,0.29962558,-0.10080373
otimizado,0.29067013,-0.10066059
otimizado,0.28179538,-0.10040414
otimizado,0.27300475,-0.10003499
otimizado,0.26430163,-0.09955413
otimizado,0.25568938,-0.09896286
otimizado,0.24717131,-0.09826288
otimizado,0.23875072,-0.09745618
otimizado,0.23043084,-0.09654509
otimizado,0.22221488,-0.09553227
otimizado,0.21410602,-0.09442065
otimizado,0.20610737,-0.09321346
otimizado,0.19822203,-0.09191419
otimizado,0.19045303,-0.09052659
otimizado,0.18280336,-0.08905461
otimizado,0.17527598,-0.08750242
otimizado,0.16787378,-0.08587439
otimizado,0.16059963,-0.08417500
otimizado,0.15345632,-0.08240892
otimizado,0.14644661,-0.08058088
otimizado,0.13957320,-0.07869572
otimizado,0.13283875,-0.07675834
otimizado,0.12624584,-0.07477366
otimizado,0.11979702,-0.07274660
otimizado,0.11349477,-0.07068207
otimizado,0.10734153,-0.06858493
otimizado,0.10133967,-0.06645997
otimizado,0.09549150,-0.06431187
otimizado,0.08979928,-0.06214519
otimizado,0.08426519,-0.05996437
otimizado,0.07889138,-0.05777365
otimizado,0.07367992,-0.05557711
otimizado,0.06863281,-0.05337861
otimizado,0.06375200,-0.05118178
otimizado,0.05903937,-0.04899002
otimizado,0.05449674,-0.04680646
otimizado,0.05012586,-0.04463398
otimizado,0.04592841,-0.04247517
otimizado,0.04190602,-0.04033232
otimizado,0.03806023,-0.03820745
otimizado,0.03439253,-0.03610225
otimizado,0.03090433,-0.03401811
otimizado,0.02759698,-0.03195614
otimizado,0.02447174,-0.02991713
otimizado,0.02152983,-0.02790154
otimizado,0.01877238,-0.02590958
otimizado,0.01620045,-0.02394115
otimizado,0.01381504,-0.02199586
otimizado,0.01161706,-0.02007307
otimizado,0.00960736,-0.01817187
otimizado,0.00778672,-0.01629112
otimizado,0.00615583,-0.01442946
otimizado,0.00471533,-0.01258530
otimizado,0.00346577,-0.01075688
otimizado,0.00240764,-0.00894228
otimizado,0.00154133,-0.00713941
otimizado,0.00086719,-0.00534608
otimizado,0.00038548,-0.00355999
otimizado,0.00009638,-0.00177877
otimizado,0.00000000,-0.00000000
otimizado,0.00009638,0.00211958
otimizado,0.00038548,0.00423511
otimizado,0.00086719,0.00634255
otimizado,0.00154133,0.00843793
otimizado,0.00240764,0.01051735
otimizado,0.00346577,0.01257700
otimizado,0.00471533,0.01461323
otimizado,0.00615583,0.01662251
otimizado,0.00778672,0.01860150
otimizado,0.00960736,0.02054705
otimizado,0.01161706,0.02245623
otimizado,0.01381504,0.02432632
otimizado,0.01620045,0.02615486
otimizado,0.01877238,0.02793967
otimizado,0.02152983,0.02967881
otimizado,0.02447174,0.03137063
otimizado,0.02759698,0.03301379
otimizado,0.03090433,0.03460723
otimizado,0.03439253,0.03615019
otimizado,0.03806023,0.03764220
otimizado,0.04190602,0.03908311
otimizado,0.04592841,0.04047305
otimizado,0.05012586,0.04181243
otimizado,0.05449674,0.04310196
otimizado,0.05903937,0.04434260
otimizado,0.06375200,0.04553558
otimizado,0.06863281,0.04668237
otimizado,0.07367992,0.04778465
otimizado,0.07889138,0.04884434
otimizado,0.08426519,0.04986350
otimizado,0.08979928,0.05084441
otimizado,0.09549150,0.05178944
otimizado,0.10133967,0.05270113
otimizado,0.10734153,0.05358209
otimizado,0.11349477,0.05443499
otimizado,0.11979702,0.05526257
otimizado,0.12624584,0.05606758
otimizado,0.13283875,0.05685275
otimizado,0.13957320,0.05762079
otimizado,0.14644661,0.05837435
otimizado,0.15345632,0.05911600
otimizado,0.16059963,0.05984818
otimizado,0.16787378,0.06057322
otimizado,0.17527598,0.06129328
otimizado,0.18280336,0.06201036
otimizado,0.19045303,0.06272624
otimizado,0.19822203,0.06344251
otimizado,0.20610737,0.06416050
otimizado,0.21410602,0.06488132
otimizado,0.22221488,0.06560580
otimizado,0.23043084,0.06633452
otimizado,0.23875072,0.06706777
otimizado,0.24717131,0.06780556
otimizado,0.25568938,0.06854759
otimizado,0.26430163,0.06929330
otimizado,0.27300475,0.07004183
otimizado,0.28179538,0.07079203
otimizado,0.29067013,0.07154246
otimizado,0.29962558,0.07229142
otimizado,0.30865828,0.07303694
otimizado,0.31776475,0.07377681
otimizado,0.32694147,0.07450856
otimizado,0.33618491,0.07522952
otimizado,0.34549150,0.07593681
otimizado,0.35485766,0.07662736
otimizado,0.36427978,0.07729794
otimizado,0.37375421,0.07794520
otimizado,0.38327732,0.07856564
otimizado,0.39284542,0.07915570
otimizado,0.40245484,0.07971174
otimizado,0.41210186,0.08023009
otimizado,0.42178277,0.08070706
otimizado,0.43149383,0.08113900
otimizado,0.44123130,0.08152228
otimizado,0.45099143,0.08185336
otimizado,0.46077045,0.08212878
otimizado,0.47056460,0.08234524
otimizado,0.48037009,0.08249955
otimizado,0.49018315,0.08258873
otimizado,0.50000000,0.08261000
otimizado,0.50981685,0.08256078
otimizado,0.51962991,0.08243875
otimizado,0.52943540,0.08224186
otimizado,0.53922955,0.08196834
otimizado,0.54900857,0.08161672
otimizado,0.55876870,0.08118583
otimizado,0.56850617,0.08067483
otimizado,0.57821723,0.08008323
otimizado,0.58789814,0.07941085
otimizado,0.59754516,0.07865790
otimizado,0.60715458,0.07782490
otimizado,0.61672268,0.07691273
otimizado,0.62624579,0.07592263
otimizado,0.63572022,0.07485618
otimizado,0.64514234,0.07371528
otimizado,0.65450850,0.07250218
otimizado,0.66381509,0.07121943
otimizado,0.67305853,0.06986989
otimizado,0.68223525,0.06845672
otimizado,0.69134172,0.06698333
otimizado,0.70037442,0.06545339
otimizado,0.70932987,0.06387082
otimizado,0.71820462,0.06223973
otimizado,0.72699525,0.06056441
otimizado,0.73569837,0.05884934
otimizado,0.74431062,0.05709912
otimizado,0.75282869,0.05531847
otimizado,0.76124928,0.05351218
otimizado,0.76956916,0.05168511
otimizado,0.77778512,0.04984216
otimizado,0.78589398,0.04798822
otimizado,0.79389263,0.04612816
otimizado,0.80177797,0.04426680
otimizado,0.80954697,0.04240890
otimizado,0.81719664,0.04055911
otimizado,0.82472402,0.03872196
otimizado,0.83212622,0.03690183
otimizado,0.83940037,0.03510293
otimizado,0.84654368,0.03332930
otimizado,0.85355339,0.03158476
otimizado,0.86042680,0.02987292
otimizado,0.86716125,0.02819713
otimizado,0.87375416,0.02656053
otimizado,0.88020298,0.02496596
otimizado,0.88650523,0.02341601
otimizado,0.89265847,0.02191301
otimizado,0.89866033,0.02045898
otimizado,0.90450850,0.01905568
otimizado,0.91020072,0.01770458
otimizado,0.91573481,0.01640688
otimizado,0.92110862,0.01516347
otimizado,0.92632008,0.01397502
otimizado,0.93136719,0.01284189
otimizado,0.93624800,0.01176424
otimizado,0.94096063,0.01074193
otimizado,0.94550326,0.00977465
otimizado,0.94987414,0.00886183
otimizado,0.95407159,0.00800275
otimizado,0.95809398,0.00719646
otimizado,0.96193977,0.00644190
otimizado,0.96560747,0.00573785
otimizado,0.96909567,0.00508295
otimizado,0.97240302,0.00447577
otimizado,0.97552826,0.00391480
otimizado,0.97847017,0.00339845
otimizado,0.98122762,0.00292512
otimizado,0.98379955,0.00249318
otimizado,0.98618496,0.00210102
otimizado,0.98838294,0.00174705
otimizado,0.99039264,0.00142973
otimizado,0.99221328,0.00114757
otimizado,0.99384417,0.00089919
otimizado,0.99528467,0.00068329
otimizado,0.99653423,0.00049870
otimizado,0.99759236,0.00034435
otimizado,0.99845867,0.00021935
otimizado,0.99913281,0.00012293
otimizado,0.99961452,0.00005449
otimizado,0.99990362,0.00001360
otimizado,1.00000000,0.00000000
cusp_liberado,1.00000000,0.00000000
cusp_liberado,0.99990362,0.00001380
cusp_liberado,0.99961452,0.00005500
cusp_liberado,0.99913281,0.00012309
cusp_liberado,0.99845867,0.00021719
cusp_liberado,0.99759236,0.00033605
cusp_liberado,0.99653423,0.00047813
cusp_liberado,0.99528467,0.00064152
cusp_liberado,0.99384417,0.00082403
cusp_liberado,0.99221328,0.00102314
cusp_liberado,0.99039264,0.00123606
cusp_liberado,0.98838294,0.00145972
cusp_liberado,0.98618496,0.00169081
cusp_liberado,0.98379955,0.00192580
cusp_liberado,0.98122762,0.00216093
cusp_liberado,0.97847017,0.00239227
cusp_liberado,0.97552826,0.00261573
cusp_liberado,0.97240302,0.00282710
cusp_liberado,0.96909567,0.00302204
cusp_liberado,0.96560747,0.00319614
cusp_liberado,0.96193977,0.00334495
cusp_liberado,0.95809398,0.00346400
cusp_liberado,0.95407159,0.00354880
cusp_liberado,0.94987414,0.00359491
cusp_liberado,0.94550326,0.00359796
cusp_liberado,0.94096063,0.00355365
cusp_liberado,0.93624800,0.00345783
cusp_liberado,0.93136719,0.00330645
cusp_liberado,0.92632008,0.00309567
cusp_liberado,0.92110862,0.00282182
cusp_liberado,0.91573481,0.00248147
cusp_liberado,0.91020072,0.00207141
cusp_liberado,0.90450850,0.00158871
cusp_liberado,0.89866033,0.00103072
cusp_liberado,0.89265847,0.00039508
cusp_liberado,0.88650523,-0.00032023
cusp_liberado,0.88020298,-0.00111691
cusp_liberado,0.87375416,-0.00199632
cusp_liberado,0.86716125,-0.00295945
cusp_liberado,0.86042680,-0.00400693
cusp_liberado,0.85355339,-0.00513902
cusp_liberado,0.84654368,-0.00635559
cusp_liberado,0.83940037,-0.00765614
cusp_liberado,0.83212622,-0.00903980
cusp_liberado,0.82472402,-0.01050529
cusp_liberado,0.81719664,-0.01205097
cusp_liberado,0.80954697,-0.01367484
cusp_liberado,0.80177797,-0.01537451
cusp_liberado,0.79389263,-0.01714726
cusp_liberado,0.78589398,-0.01899001
cusp_liberado,0.77778512,-0.02089935
cusp_liberado,0.76956916,-0.02287157
cusp_liberado,0.76124928,-0.02490264
cusp_liberado,0.75282869,-0.02698827
cusp_liberado,0.74431062,-0.02912388
cusp_liberado,0.73569837,-0.03130467
cusp_liberado,0.72699525,-0.03352561
cusp_liberado,0.71820462,-0.03578147
cusp_liberado,0.70932987,-0.03806685
cusp_liberado,0.70037442,-0.04037620
cusp_liberado,0.69134172,-0.04270384
cusp_liberado,0.68223525,-0.04504399
cusp_liberado,0.67305853,-0.04739079
cusp_liberado,0.66381509,-0.04973834
cusp_liberado,0.65450850,-0.05208070
cusp_liberado,0.64514234,-0.05441194
cusp_liberado,0.63572022,-0.05672617
cusp_liberado,0.62624579,-0.05901751
cusp_liberado,0.61672268,-0.06128021
cusp_liberado,0.60715458,-0.06350856
cusp_liberado,0.59754516,-0.06569701
cusp_liberado,0.58789814,-0.06784015
cusp_liberado,0.57821723,-0.06993272
cusp_liberado,0.56850617,-0.07196964
cusp_liberado,0.55876870,-0.07394604
cusp_liberado,0.54900857,-0.07585728
cusp_liberado,0.53922955,-0.07769892
cusp_liberado,0.52943540,-0.07946682
cusp_liberado,0.51962991,-0.08115705
cusp_liberado,0.50981685,-0.08276599
cusp_liberado,0.50000000,-0.08429028
cusp_liberado,0.49018315,-0.08572686
cusp_liberado,0.48037009,-0.08707298
cusp_liberado,0.47056460,-0.08832617
cusp_liberado,0.46077045,-0.08948428
cusp_liberado,0.45099143,-0.09054548
cusp_liberado,0.44123130,-0.09150823
cusp_liberado,0.43149383,-0.09237130
cusp_liberado,0.42178277,-0.09313379
cusp_liberado,0.41210186,-0.09379507
cusp_liberado,0.40245484,-0.09435482
cusp_liberado,0.39284542,-0.09481302
cusp_liberado,0.38327732,-0.09516993
cusp_liberado,0.37375421,-0.09542607
cusp_liberado,0.36427978,-0.09558224
cusp_liberado,0.35485766,-0.09563948
cusp_liberado,0.34549150,-0.09559907
cusp_liberado,0.33618491,-0.09546254
cusp_liberado,0.32694147,-0.09523162
cusp_liberado,0.31776475,-0.09490824
cusp_liberado,0.30865828,-0.09449451
cusp_liberado,0.29962558,-0.09399273
cusp_liberado,0.29067013,-0.09340535
cusp_liberado,0.28179538,-0.09273495
cusp_liberado,0.27300475,-0.09198425
cusp_liberado,0.26430163,-0.09115608
cusp_liberado,0.25568938,-0.09025336
cusp_liberado,0.24717131,-0.08927908
cusp_liberado,0.23875072,-0.08823632
cusp_liberado,0.23043084,-0.08712817
cusp_liberado,0.22221488,-0.08595780
cusp_liberado,0.21410602,-0.08472836
cusp_liberado,0.20610737,-0.08344303
cusp_liberado,0.19822203,-0.08210499
cusp_liberado,0.19045303,-0.08071737
cusp_liberado,0.18280336,-0.07928330
cusp_liberado,0.17527598,-0.07780586
cusp_liberado,0.16787378,-0.07628807
cusp_liberado,0.16059963,-0.07473289
cusp_liberado,0.15345632,-0.07314322
cusp_liberado,0.14644661,-0.07152186
cusp_liberado,0.13957320,-0.06987154
cusp_liberado,0.13283875,-0.06819490
cusp_liberado,0.12624584,-0.06649447
cusp_liberado,0.11979702,-0.06477267
cusp_liberado,0.11349477,-0.06303184
cusp_liberado,0.10734153,-0.06127418
cusp_liberado,0.10133967,-0.05950178
cusp_liberado,0.09549150,-0.05771662
cusp_liberado,0.08979928,-0.05592056
cusp_liberado,0.08426519,-0.05411535
cusp_liberado,0.07889138,-0.05230260
cusp_liberado,0.07367992,-0.05048381
cusp_liberado,0.06863281,-0.04866038
cusp_liberado,0.06375200,-0.04683357
cusp_liberado,0.05903937,-0.04500453
cusp_liberado,0.05449674,-0.04317431
cusp_liberado,0.05012586,-0.04134384
cusp_liberado,0.04592841,-0.03951396
cusp_liberado,0.04190602,-0.03768537
cusp_liberado,0.03806023,-0.03585871
cusp_liberado,0.03439253,-0.03403451
cusp_liberado,0.03090433,-0.03221321
cusp_liberado,0.02759698,-0.03039516
cusp_liberado,0.02447174,-0.02858063
cusp_liberado,0.02152983,-0.02676982
cusp_liberado,0.01877238,-0.02496284
cusp_liberado,0.01620045,-0.02315974
cusp_liberado,0.01381504,-0.02136051
cusp_liberado,0.01161706,-0.01956508
cusp_liberado,0.00960736,-0.01777332
cusp_liberado,0.00778672,-0.01598505
cusp_liberado,0.00615583,-0.01420005
cusp_liberado,0.00471533,-0.01241807
cusp_liberado,0.00346577,-0.01063879
cusp_liberado,0.00240764,-0.00886190
cusp_liberado,0.00154133,-0.00708703
cusp_liberado,0.00086719,-0.00531381
cusp_liberado,0.00038548,-0.00354184
cusp_liberado,0.00009638,-0.00177071
cusp_liberado,0.00000000,-0.00000000
cusp_liberado,0.00009638,0.00213987
cusp_liberado,0.00038548,0.00427695
cusp_liberado,0.00086719,0.00640849
cusp_liberado,0.00154133,0.00853175
cusp_liberado,0.00240764,0.01064402
cusp_liberado,0.00346577,0.01274266
cusp_liberado,0.00471533,0.01482507
cusp_liberado,0.00615583,0.01688873
cusp_liberado,0.00778672,0.01893123
cusp_liberado,0.00960736,0.02095023
cusp_liberado,0.01161706,0.02294349
cusp_liberado,0.01381504,0.02490891
cusp_liberado,0.01620045,0.02684450
cusp_liberado,0.01877238,0.02874839
cusp_liberado,0.02152983,0.03061888
cusp_liberado,0.02447174,0.03245437
cusp_liberado,0.02759698,0.03425346
cusp_liberado,0.03090433,0.03601485
cusp_liberado,0.03439253,0.03773743
cusp_liberado,0.03806023,0.03942024
cusp_liberado,0.04190602,0.04106248
cusp_liberado,0.04592841,0.04266350
cusp_liberado,0.05012586,0.04422282
cusp_liberado,0.05449674,0.04574011
cusp_liberado,0.05903937,0.04721519
cusp_liberado,0.06375200,0.04864802
cusp_liberado,0.06863281,0.05003873
cusp_liberado,0.07367992,0.05138757
cusp_liberado,0.07889138,0.05269493
cusp_liberado,0.08426519,0.05396130
cusp_liberado,0.08979928,0.05518732
cusp_liberado,0.09549150,0.05637371
cusp_liberado,0.10133967,0.05752130
cusp_liberado,0.10734153,0.05863101
cusp_liberado,0.11349477,0.05970384
cusp_liberado,0.11979702,0.06074083
cusp_liberado,0.12624584,0.06174311
cusp_liberado,0.13283875,0.06271183
cusp_liberado,0.13957320,0.06364818
cusp_liberado,0.14644661,0.06455337
cusp_liberado,0.15345632,0.06542862
cusp_liberado,0.16059963,0.06627514
cusp_liberado,0.16787378,0.06709414
cusp_liberado,0.17527598,0.06788678
cusp_liberado,0.18280336,0.06865422
cusp_liberado,0.19045303,0.06939753
cusp_liberado,0.19822203,0.07011776
cusp_liberado,0.20610737,0.07081588
cusp_liberado,0.21410602,0.07149278
cusp_liberado,0.22221488,0.07214927
cusp_liberado,0.23043084,0.07278607
cusp_liberado,0.23875072,0.07340381
cusp_liberado,0.24717131,0.07400300
cusp_liberado,0.25568938,0.07458407
cusp_liberado,0.26430163,0.07514729
cusp_liberado,0.27300475,0.07569287
cusp_liberado,0.28179538,0.07622087
cusp_liberado,0.29067013,0.07673123
cusp_liberado,0.29962558,0.07722378
cusp_liberado,0.30865828,0.07769822
cusp_liberado,0.31776475,0.07815415
cusp_liberado,0.32694147,0.07859104
cusp_liberado,0.33618491,0.07900825
cusp_liberado,0.34549150,0.07940504
cusp_liberado,0.35485766,0.07978054
cusp_liberado,0.36427978,0.08013382
cusp_liberado,0.37375421,0.08046384
cusp_liberado,0.38327732,0.08076946
cusp_liberado,0.39284542,0.08104949
cusp_liberado,0.40245484,0.08130267
cusp_liberado,0.41210186,0.08152767
cusp_liberado,0.42178277,0.08172310
cusp_liberado,0.43149383,0.08188757
cusp_liberado,0.44123130,0.08201962
cusp_liberado,0.45099143,0.08211780
cusp_liberado,0.46077045,0.08218063
cusp_liberado,0.47056460,0.08220665
cusp_liberado,0.48037009,0.08219442
cusp_liberado,0.49018315,0.08214249
cusp_liberado,0.50000000,0.08204950
cusp_liberado,0.50981685,0.08191409
cusp_liberado,0.51962991,0.08173498
cusp_liberado,0.52943540,0.08151095
cusp_liberado,0.53922955,0.08124087
cusp_liberado,0.54900857,0.08092367
cusp_liberado,0.55876870,0.08055841
cusp_liberado,0.56850617,0.08014424
cusp_liberado,0.57821723,0.07968040
cusp_liberado,0.58789814,0.07916629
cusp_liberado,0.59754516,0.07860141
cusp_liberado,0.60715458,0.07798539
cusp_liberado,0.61672268,0.07731802
cusp_liberado,0.62624579,0.07659920
cusp_liberado,0.63572022,0.07582900
cusp_liberado,0.64514234,0.07500762
cusp_liberado,0.65450850,0.07413544
cusp_liberado,0.66381509,0.07321295
cusp_liberado,0.67305853,0.07224082
cusp_liberado,0.68223525,0.07121987
cusp_liberado,0.69134172,0.07015105
cusp_liberado,0.70037442,0.06903549
cusp_liberado,0.70932987,0.06787443
cusp_liberado,0.71820462,0.06666927
cusp_liberado,0.72699525,0.06542156
cusp_liberado,0.73569837,0.06413297
cusp_liberado,0.74431062,0.06280530
cusp_liberado,0.75282869,0.06144046
cusp_liberado,0.76124928,0.06004050
cusp_liberado,0.76956916,0.05860756
cusp_liberado,0.77778512,0.05714390
cusp_liberado,0.78589398,0.05565185
cusp_liberado,0.79389263,0.05413385
cusp_liberado,0.80177797,0.05259240
cusp_liberado,0.80954697,0.05103009
cusp_liberado,0.81719664,0.04944954
cusp_liberado,0.82472402,0.04785345
cusp_liberado,0.83212622,0.04624456
cusp_liberado,0.83940037,0.04462562
cusp_liberado,0.84654368,0.04299944
cusp_liberado,0.85355339,0.04136883
cusp_liberado,0.86042680,0.03973660
cusp_liberado,0.86716125,0.03810558
cusp_liberado,0.87375416,0.03647858
cusp_liberado,0.88020298,0.03485841
cusp_liberado,0.88650523,0.03324782
cusp_liberado,0.89265847,0.03164958
cusp_liberado,0.89866033,0.03006639
cusp_liberado,0.90450850,0.02850091
cusp_liberado,0.91020072,0.02695576
cusp_liberado,0.91573481,0.02543350
cusp_liberado,0.92110862,0.02393664
cusp_liberado,0.92632008,0.02246761
cusp_liberado,0.93136719,0.02102878
cusp_liberado,0.93624800,0.01962245
cusp_liberado,0.94096063,0.01825084
cusp_liberado,0.94550326,0.01691608
cusp_liberado,0.94987414,0.01562025
cusp_liberado,0.95407159,0.01436530
cusp_liberado,0.95809398,0.01315315
cusp_liberado,0.96193977,0.01198558
cusp_liberado,0.96560747,0.01086432
cusp_liberado,0.96909567,0.00979099
cusp_liberado,0.97240302,0.00876714
cusp_liberado,0.97552826,0.00779421
cusp_liberado,0.97847017,0.00687357
cusp_liberado,0.98122762,0.00600649
cusp_liberado,0.98379955,0.00519415
cusp_liberado,0.98618496,0.00443766
cusp_liberado,0.98838294,0.00373802
cusp_liberado,0.99039264,0.00309617
cusp_liberado,0.99221328,0.00251294
cusp_liberado,0.99384417,0.00198909
cusp_liberado,0.99528467,0.00152529
cusp_liberado,0.99653423,0.00112215
cusp_liberado,0.99759236,0.00078016
cusp_liberado,0.99845867,0.00049977
cusp_liberado,0.99913281,0.00028133
cusp_liberado,0.99961452,0.00012510
cusp_liberado,0.99990362,0.00003128
cusp_liberado,1.00000000,0.00000000
