parametro,explicacao,valor_avl_bruto,valor_final,valor_4as,conversao,fonte
Sref,area de referencia [m2],,368.833,368.8,,Tabela 4 (designTool)
cref,corda de referencia [m],,6.89949,6.899,,Tabela 4 (designTool)
bref,envergadura de referencia [m],,60.1518,60.15,,Tabela 4 (designTool)
m,massa da aeronave [kg],,229268.8,229300.0,,Tabela 4 (designTool)
Ixx,momento de inercia [kg.m2],,15116733.0,15120000.0,,Tabela 4 (designTool)
Iyy,momento de inercia [kg.m2],,42968065.2,42970000.0,,Tabela 4 (designTool)
Izz,momento de inercia [kg.m2],,55951147.5,55950000.0,,Tabela 4 (designTool)
Ixz,momento de inercia [kg.m2],,1207315.2,1207000.0,,Tabela 4 (designTool)
ip,incidencia do motor [graus],,0,0,,Tabela 4 (designTool)
xp,posicao longitudinal do motor [m],,21.65,21.65,,Tabela 4 (designTool)
zp,posicao vertical do motor [m] (sinal invertido),,3,3,sinal invertido,Tabela 4 (designTool)
Tmax,tracao maxima [N],,195551.5,195600.0,,Tabela 4 (designTool)
V,velocidade de voo [m/s],,252.099,252.1,,Tabela 4 (ponto de projeto)
h,altitude de voo [m],,10668,10670,,Tabela 4 (ponto de projeto)
CL0,CL para alfa = 0,0.03668,0.03668,0.03668,,Tabela 6 (AVL ft)
CLa,dCL/dalfa [1/rad],6.92032,6.92032,6.92,,AVL st (CLa)
CLq,dCL/dq [1/rad],6.86626,6.86626,6.866,,AVL st (CLq)
CLit,dCL/dit [1/rad],0.011223,0.643031,0.643,x180/pi,AVL st (CLg1)
CLde,dCL/dde [1/rad],0.0061,0.349504,0.3495,x180/pi,AVL st (CLd2)
CD0,CD para alfa = 0 (ajuste),,0.0167341,0.01673,,Tabela 7 (exercicio 5.b)
CDa,termo linear da polar [1/rad],,-0.00342539,-0.003425,,Tabela 7 (exercicio 5.b)
CDa2,termo quadratico da polar [1/rad2],,1.60065,1.601,,Tabela 7 (exercicio 5.b)
CDq,dCD/dq [1/rad],,0.17855,0.1786,"diferenca finita central em qc/2V = +-0.005 (alfa fixo), CDp + CDff (Trefftz), consistente com CD0/CDalfa/CDit/CDde","AVL ft (""p p <valor>"")"
CDit,dCD/dit [1/rad],0.000194,0.0111154,0.01112,x180/pi,AVL st (CDffg1)
CDde,dCD/dde [1/rad],0.000117,0.00670361,0.006704,x180/pi,AVL st (CDffd2)
CM0,CM para alfa = 0,-0.066,-0.066,-0.066,,Tabela 6 (AVL ft)
CMa,dCM/dalfa [1/rad],0.20332,0.20332,0.2033,,AVL st (Cma)
CMq,dCM/dq [1/rad],-36.4196,-36.4196,-36.42,,AVL st (Cmq)
CMit,dCM/dit [1/rad],-0.052082,-2.98408,-2.984,x180/pi,AVL st (Cmg1)
CMde,dCM/dde [1/rad],-0.029241,-1.67539,-1.675,x180/pi,AVL st (Cmd2)
CYb,dCY/dbeta [1/rad],-0.75119,0.75119,0.7512,sinal invertido,AVL st (CYb)
CYp,dCY/dp [1/rad],-0.085218,0.085218,0.08522,sinal invertido,AVL st (CYp)
CYr,dCY/dr [1/rad],-0.031164,0.031164,0.03116,sinal invertido,AVL st (CYr)
CYdr,dCY/ddr [1/rad],-0.00403,-0.230902,-0.2309,x180/pi,AVL st (CYd3)
Clb,dCl/dbeta [1/rad],-0.221709,-0.221709,-0.2217,,AVL st (Clb)
Clp,dCl/dp [1/rad],-0.606044,-0.606044,-0.606,,AVL sb (Clp)
Clr,dCl/dr [1/rad],0.139044,0.139044,0.139,,AVL sb (Clr)
Clda,dCl/dda [1/rad],-0.004201,0.2407,0.2407,"sinal invertido, x180/pi",AVL sb (Cld1)
Cldr,dCl/ddr [1/rad],-0.000601,0.0344348,0.03443,"sinal invertido, x180/pi",AVL sb (Cld3)
Cnb,dCn/dbeta [1/rad],-0.084742,-0.084742,-0.08474,,AVL st (Cnb)
Cnp,dCn/dp [1/rad],-0.043671,-0.043671,-0.04367,,AVL sb (Cnp)
Cnr,dCn/dr [1/rad],-0.202971,-0.202971,-0.203,,AVL sb (Cnr)
Cnda,dCn/dda [1/rad],-0.000277,0.0158709,0.01587,"sinal invertido, x180/pi",AVL sb (Cnd1)
Cndr,dCn/ddr [1/rad],0.002185,-0.125191,-0.1252,"sinal invertido, x180/pi",AVL sb (Cnd3)
