M,etapa,ferramenta,xnp_m,xnp_pctMAC,CLa,MS_fwd,MS_aft
0.2,asa,AVL,27.362934,34.036375090008484,4.425843,0.18586776543919828,-0.051759891125693944
0.2,asa,designTool,26.73947014950908,24.999999999999975,nan,0.09550401453911321,-0.142123642025779
0.2,+winglet,AVL,27.50559,36.1040059940701,4.486952,0.20654407447981446,-0.03108358208507775
0.2,+winglet,designTool,26.73947014950908,24.999999999999975,nan,0.09550401453911321,-0.142123642025779
0.2,+fuselagem,AVL,25.866978,12.354252664619066,4.652915,-0.03095345881469587,-0.26858111537958806
0.2,+fuselagem,designTool,25.839357226644676,11.95392204702466,nan,-0.03495676499063994,-0.27258442155553214
0.2,+nacele,AVL,25.377314,5.257149009627936,4.848984,-0.10192449536460717,-0.3395521519294994
0.2,+nacele,designTool,25.839357226644676,11.95392204702466,nan,-0.03495676499063994,-0.27258442155553214
0.2,completo,AVL,28.024494,43.624909052063956,5.263,0.281753105059753,0.04412544849486078
0.2,completo,designTool,28.42100899088886,49.37192739749286,nan,0.33922328851404204,0.10159563194914985
0.85,asa,AVL,27.681192,38.64915041151499,5.915108,0.23199551865426335,-0.005632137910628864
0.85,asa,designTool,26.73947014950908,24.999999999999975,nan,0.09550401453911321,-0.142123642025779
0.85,+winglet,AVL,27.877766,41.49825929817244,6.027612,0.2604866075208379,0.02285895095594568
0.85,+winglet,designTool,26.73947014950908,24.999999999999975,nan,0.09550401453911321,-0.142123642025779
0.85,+fuselagem,AVL,25.563055,7.9492463048787725,6.295389,-0.07500352241209882,-0.31263117897699105
0.85,+fuselagem,designTool,26.061973714302297,15.180486156732925,nan,-0.0026911238935572847,-0.2403187804584495
0.85,+nacele,AVL,25.152618,2.000444814788477,6.508298,-0.13449153731300176,-0.372119193877894
0.85,+nacele,designTool,26.061973714302297,15.180486156732925,nan,-0.0026911238935572847,-0.2403187804584495
0.85,completo,AVL,27.515135,36.24234954063853,6.987501,0.2079275099454988,-0.029700146619393426
0.85,completo,designTool,28.225796340638347,46.54254967400608,nan,0.31092951127917434,0.0733018547142821
