Lc_h,S_h,W0_kgf,CL,folga_fus,it_fwd,CD_fwd,CDff_fwd,e_fwd,MS_fwd,alfa_estol_fwd,CLmax_fwd,de_estol_fwd,eta_estol_fwd,it_aft,CD_aft,CDff_aft,e_aft,MS_aft,alfa_estol_aft,CLmax_aft,de_estol_aft,eta_estol_aft,alfa_estol,alfa_saida,folga_sombra,leme_encoberto,ok_fus,ok_sombra,ok_profundor,MS_aft_M02,MS_aft_dt,ok_ms,viavel
4.0,64.545775,291291.6839220248,0.5081159680859836,6.098078946759109,-6.538439629801179,228.2,123.812,0.6467,0.21772998510081534,10.075961423979045,0.87422,-3.35982,0.9365465150109809,-4.396315724352648,216.4,105.66199999999999,0.7561,-0.020548568622584838,10.04964960209051,0.92546,1.23484,0.9365465150109809,10.04964960209051,11.987492293595915,-1.9378426915054057,0.7150678039749829,True,False,True,0.036937849234725,0.06198359198255813,False,True
4.1,62.97148780487806,290933.2553313508,0.50758801993403,5.419841844744546,-6.5480619887481435,226.79999999999998,123.035,0.6491,0.21723766796122174,10.074779709454631,0.87482,-3.31205,0.9365465150109809,-4.395637931034482,215.5,105.232,0.7574,-0.021128640937078266,10.050605844618675,0.92493,1.29944,0.9365465150109809,10.050605844618675,11.57721471814792,-1.526608873529245,0.7841136926321739,True,False,True,0.03781629039233013,0.06351834099250649,False,True
4.2,61.472166666666666,290589.76383170276,0.5070820257284987,4.741183928184341,-6.561285986013185,225.4,122.278,0.6514,0.21653625219971154,10.074312254376563,0.87546,-3.28436,0.9365465150109809,-4.405760615198,214.5,104.805,0.7588,-0.021955893965176335,10.051093155893536,0.92438,1.36164,0.9365465150109809,10.051093155893536,11.193349244791282,-1.1422560888977458,0.8557314770114433,True,False,True,0.03839044517122014,0.06500360023808134,False,True
4.3,60.042581395348854,290261.7026424463,0.50659874633215,4.0621298081401775,-6.585268893667699,224.1,121.56800000000001,0.6535,0.21553340386721284,10.073597713469097,0.87605,-3.25088,0.9365465150109809,-4.422970683927433,213.6,104.39999999999999,0.7599,-0.023090496218645375,10.051580698835275,0.92387,1.42387,0.9365465150109809,10.051580698835275,10.833454112254287,-0.781873413419012,0.9188180356621025,True,False,True,0.0389510405297622,0.06644212943639041,False,True
4.4,58.677977272727276,289948.2752017076,0.5061370159636244,3.382702126587617,-6.605948188775949,222.8,120.906,0.6554,0.21444686047259431,10.073130061934254,0.87664,-3.22912,0.9365465150109809,-4.436019660788601,212.70000000000002,104.028,0.7608,-0.024392285843788684,10.05206847360913,0.9234,1.47796,0.9365465150109809,10.05206847360913,10.495377297939614,-0.443308824330483,0.9639135246711426,True,False,True,0.03919182855378408,0.06783637737056546,False,True
4.5,57.37402222222223,289649.3210354731,0.5056966170655912,2.702921754448873,-6.608566862621995,222.4,120.351,0.6565,0.2126839762979662,10.072415435921869,0.87719,-3.23492,0.9365465150109809,-4.4297804685203115,212.2,103.731,0.7611,-0.02625152808758237,10.0527817403709,0.92297,1.50749,0.9365465150109809,10.0527817403709,10.177215032365034,-0.12443329199413355,0.9909861563125582,True,False,True,0.03927852707083669,0.0691886656057331,False,True
4.6,56.12676086956523,289362.49921681016,0.5052740729514124,2.0228079658146996,-6.55131792497768,221.9,119.948,0.6569,0.21120964349590354,10.07194758784991,0.87775,-3.34844,0.9365465150109809,-4.362011217811556,211.8,103.601,0.7603,-0.027976574131746226,10.053269916765755,0.92257,1.4381,0.9365465150109809,10.053269916765755,9.877277207581304,0.17599270918445065,1.0,True,False,True,0.03963595360613333,0.07050096253770782,False,True
4.7,54.932574468085114,289088.4636215221,0.5048703789325185,1.3423785916670852,-6.441393497353309,221.3,119.85300000000001,0.6559,0.21038867427025001,10.07123287671233,0.87827,-3.62063,0.9365465150109809,-4.230230509052667,211.39999999999998,103.80199999999999,0.7573,-0.029162501101509575,10.053514092044239,0.92217,1.21262,0.9365465150109809,10.053514092044239,9.594058384962,0.45945570708223826,1.0,True,False,True,0.04065613153141275,0.07177534396054713,False,True
4.8,53.788145833333346,288825.77433556505,0.504483400606837,0.6616501558934473,-6.495446696253297,221.20000000000002,119.854,0.6543,0.2118005116572525,10.070764832022874,0.87878,-3.81185,0.9365465150109809,-4.235197146329387,211.29999999999998,104.098,0.7537,-0.028188685195161944,10.053758325404377,0.92178,1.04863,0.9365465150109809,10.053758325404377,9.326213377216144,0.7275449481882337,1.0,True,False,True,0.042969031803130706,0.07301356787183982,False,True
4.8237,53.52387171673198,288764.41080342693,0.5043929887042311,0.5002753784884746,-6.58331534188885,221.10000000000002,119.72099999999999,0.6547,0.212770331235694,10.070764832022874,0.87889,-3.77031,0.9365465150109809,-4.306403811051264,211.2,104.029,0.7539,-0.027360843485171656,10.054002616866896,0.9217,1.09057,0.9365465150109809,10.054002616866896,9.264853235345607,0.7891493815212893,1.0,True,False,True,0.04412544849486078,0.0733018547142821,False,True
